subject,label,pred,prob_fad,attn_pos_0,attn_pos_1,attn_pos_2,attn_pos_3,attn_pos_4,attn_pos_5,attn_pos_6,attn_pos_7,attn_pos_8,attn_pos_9,attn_pos_10,attn_pos_11,attn_pos_12,attn_pos_13,attn_pos_14,attn_pos_15,attn_pos_16,attn_pos_17,attn_pos_18,attn_pos_19,attn_pos_20,attn_pos_21,attn_pos_22,attn_pos_23,attn_pos_24,attn_pos_25,attn_pos_26,attn_pos_27,attn_pos_28,attn_pos_29,attn_pos_30,attn_pos_31
MR-0298-t2,0,1,0.9869972467422485,3.370509512024e-05,5.018458250560798e-05,7.059189374558628e-05,0.0018732018070295453,0.9967823028564453,0.00036533590173348784,4.00974640797358e-05,5.646817953675054e-05,2.858607876987662e-05,2.0940187823725864e-05,2.5355129764648154e-05,2.6193038138444535e-05,4.802966213901527e-05,6.17664263700135e-05,2.763458905974403e-05,3.000799370056484e-05,2.841980312950909e-05,2.76482187473448e-05,2.8636446586460806e-05,2.5849394660326652e-05,2.8002421458950266e-05,3.053414184250869e-05,3.0453149520326406e-05,3.0433900974458084e-05,2.998999843839556e-05,2.962297003250569e-05,3.0007879104232416e-05,2.7627660529105924e-05,2.5214018023689277e-05,2.9095535865053535e-05,3.0339142540469766e-05,2.7675045203068294e-05
MR-0298-t1,0,0,0.0022131807636469603,7.65937365940772e-05,8.694550342625007e-05,0.00010614746861392632,0.00018051505321636796,0.0037207291461527348,9.659759234637022e-05,0.00010685182496672496,0.00025798374554142356,0.0003651832230389118,0.0010971876326948404,0.000278715044260025,0.03159544989466667,0.9372513890266418,0.014606090262532234,0.0006149070686660707,0.00011652994726318866,6.442051380872726e-05,0.00032304986962117255,0.0003188862174283713,0.0002978146367240697,0.00022654165513813496,0.000566087372135371,0.0016632769256830215,0.0026490669697523117,0.0020534859504550695,0.0006871435325592756,0.00020279581076465547,7.575916970381513e-05,0.0001252334041055292,4.130890010856092e-05,6.560637848451734e-05,8.160066499840468e-05
MR-0276,0,1,0.9194331169128418,0.005589403212070465,0.006249190773814917,0.00875384546816349,0.013674352318048477,0.46827432513237,0.005928363185375929,0.005474066827446222,0.003864423604682088,0.003409292781725526,0.00794941931962967,0.021734144538640976,0.09223635494709015,0.11518499255180359,0.07866135984659195,0.01733078435063362,0.014608124271035194,0.006889582145959139,0.015702184289693832,0.0052994126453995705,0.006476414389908314,0.005068276077508926,0.006058454047888517,0.01664012297987938,0.018416689708828926,0.01946358196437359,0.007494981866329908,0.004479504190385342,0.0032126381993293762,0.003413878846913576,0.004089797846972942,0.004198177717626095,0.004173827823251486
MR-0294,0,1,0.9624627828598022,0.0007712680962868035,0.0017723507480695844,0.0014016544446349144,0.053964849561452866,0.9287500381469727,0.0022940081544220448,0.0005036760703660548,0.0003446994523983449,0.0005563021404668689,0.00042844569543376565,0.0007875274168327451,0.00047796868602745235,0.00035471783485263586,0.0005124121089465916,0.0002773446321953088,0.0004826460499316454,0.0003911818494088948,0.00036932373768649995,0.00028819151339121163,0.00039238735917024314,0.0006099359598010778,0.00037005406920798123,0.0003895364061463624,0.0003794986114371568,0.0004226476594340056,0.000357857410563156,0.0003537063021212816,0.00040988432010635734,0.0004279634158592671,0.00038680442958138883,0.0004003270878456533,0.00037081976188346744
MR-0288-t1,0,0,0.0011479933746159077,5.286856321617961e-06,5.6376320571871474e-06,6.19577695033513e-05,3.9119717257563025e-05,0.9996299743652344,5.901832992094569e-05,4.226825330988504e-05,8.261453331215307e-06,4.9779359869717155e-06,8.95026732905535e-06,1.089604393200716e-05,9.081257303478196e-06,6.878460681036813e-06,7.481773536710534e-06,5.3066123655298725e-06,4.863540652877418e-06,4.4475318645709194e-06,4.359350896265823e-06,4.49361914434121e-06,5.196122401684988e-06,5.755555775976973e-06,6.792258773202775e-06,8.279759640572593e-06,6.540210961247794e-06,6.009223397995811e-06,5.4040297072788235e-06,5.344795681594405e-06,5.4722845561627764e-06,5.5585987865924835e-06,5.383664756664075e-06,5.6802882681949995e-06,5.433594196802005e-06
MR-0293,1,1,0.9062007665634155,0.000206548604182899,0.00020801060600206256,0.0004320013686083257,0.006284941919147968,0.9824228286743164,0.0005584651953540742,0.0008382483501918614,0.00016633454652037472,0.000214632207644172,0.0005753361620008945,0.0017860329244285822,0.00027066050097346306,0.001996596110984683,0.0010851076804101467,0.00011945157893933356,0.00012138498277636245,0.0001679031120147556,0.00016630107711534947,0.00022291988716460764,0.0001603214186616242,0.00015822667046450078,0.00016937644977588207,0.00017348556139040738,0.0001766452769516036,0.00018675722822081298,0.00014636226114816964,0.00016805835184641182,0.0001855608425103128,0.00012938071449752897,0.00017381097131874412,0.00015758347581140697,0.00017064336861949414
MR-0275,1,1,0.9745340943336487,0.00022980489302426577,0.0001224317675223574,0.0002279669715790078,0.00025778490817174315,0.9967883825302124,0.00038653172669000924,6.145556108094752e-05,6.829916674178094e-05,9.087967919185758e-05,0.00011061146506108344,0.00022402808826882392,0.00018626733799465,0.0001229966728715226,9.854994277702644e-05,9.128131932811812e-05,5.442060501081869e-05,6.120721809566021e-05,4.968647408531979e-05,5.376638000598177e-05,5.99511040491052e-05,6.465546903200448e-05,5.367308767745271e-05,6.26794426352717e-05,6.66467531118542e-05,5.957159009994939e-05,4.5557189878309146e-05,5.5130458349594846e-05,5.568958295043558e-05,4.2024519643746316e-05,4.783148324349895e-05,4.037032704218291e-05,5.9879341279156506e-05
MR-0291,1,1,0.8954111337661743,0.00025104571250267327,0.00022134876053314656,0.0007122386596165597,0.006647876929491758,0.9817929863929749,0.002379662124440074,0.0013773958198726177,0.00046284153359010816,0.00023736229923088104,0.0005750846466980875,0.0004253608058206737,0.00021734091569669545,0.0005847567808814347,0.0006071730167604983,0.0002673805574886501,0.00014872688916511834,0.0001717128761811182,0.00018230466230306774,0.00026620784774422646,0.0001870193227659911,0.00018136131984647363,0.0001673403603490442,0.00018439239647705108,0.00018955818086396903,0.0001766669302014634,0.00019290848285891116,0.00018832551722880453,0.00019893755961675197,0.00020042616233695298,0.00018923846073448658,0.00020232702081557363,0.00021262982045300305
MR-0285-t2,1,1,0.9752190709114075,0.0001176711157313548,0.00017037912039086223,0.00010000904148910195,0.0004289638018235564,0.9945523142814636,0.0030392787884920835,5.362581941881217e-05,3.146417293464765e-05,8.240598253905773e-05,6.960356404306367e-05,0.00017388375999871641,0.00011279869795544073,7.977210771059617e-05,6.010333527228795e-05,5.328751285560429e-05,4.900903513771482e-05,4.791060564457439e-05,5.2872172091156244e-05,5.6946006225189194e-05,4.895998790743761e-05,5.8304947742726654e-05,7.320586882997304e-05,4.319743675296195e-05,5.6821667385520414e-05,4.746640843222849e-05,4.4630683987634256e-05,4.566014467854984e-05,4.592151162796654e-05,5.467212395160459e-05,3.412414662307128e-05,6.279708031797782e-05,5.1990697102155536e-05
MR-0280-t1,1,1,0.8505579233169556,0.0014732404379174113,0.0003840713470708579,0.0005268578534014523,0.0008982844301499426,0.9650550484657288,0.011422785930335522,0.0018197072204202414,0.0009533696575090289,0.00040072956471703947,0.001123754307627678,0.0008921116241253912,0.001672774669714272,0.0008945042500272393,0.0014727411326020956,0.00043053284753113985,0.0007715739193372428,0.0004167341685388237,0.0007800490711815655,0.0004479682247620076,0.0004347182984929532,0.000752896536141634,0.0005335328751243651,0.00038218015106394887,0.0006002995651215315,0.0004058101330883801,0.001440018997527659,0.0006242516683414578,0.0009694068576209247,0.0004149754822719842,0.0004925393150188029,0.0005060964031144977,0.0006066338391974568
MR-0306,0,0,0.33725735545158386,0.008572235703468323,0.00962909311056137,0.009064392186701298,0.06689302623271942,0.008929836563766003,0.019533731043338776,0.007914787158370018,0.005548714194446802,0.008993444964289665,0.006503161508589983,0.0050360653549432755,0.004907289985567331,0.004176082089543343,0.002754650544375181,0.009610901586711407,0.01870128884911537,0.10235722362995148,0.007274821866303682,0.018241357058286667,0.013728877529501915,0.015252796933054924,0.07260437309741974,0.09211396425962448,0.043925948441028595,0.1588558703660965,0.09274246543645859,0.05348324030637741,0.05461587756872177,0.03871754929423332,0.012369942851364613,0.015033512376248837,0.0119134820997715
MR-0491,0,0,0.13060764968395233,0.008717281743884087,0.008578495122492313,0.009552974253892899,0.026776226237416267,0.6113726496696472,0.023053757846355438,0.004956759978085756,0.025320684537291527,0.014399325475096703,0.011283757165074348,0.0033957643900066614,0.003065877128392458,0.005105423275381327,0.00430480157956481,0.008862771093845367,0.01161375641822815,0.05385250598192215,0.024482162669301033,0.01670357771217823,0.008597205393016338,0.007487553637474775,0.01037035882472992,0.008932998403906822,0.010824916884303093,0.009094043634831905,0.008694014512002468,0.00989335123449564,0.011010631918907166,0.011687043122947216,0.013779871165752411,0.005262395367026329,0.008967084810137749
MR-0282,0,0,0.08056610822677612,0.00359021476469934,0.004065312445163727,0.006044209934771061,0.11407937854528427,0.002176160691305995,0.7194211483001709,0.013023932464420795,0.002595537109300494,0.00957461353391409,0.016260338947176933,0.015637682750821114,0.0030599504243582487,0.0033140615560114384,0.004529933910816908,0.003571252105757594,0.005865488667041063,0.004798789042979479,0.004925686866044998,0.004862208850681782,0.004542923532426357,0.004370924551039934,0.004084330517798662,0.0042177364230155945,0.004057064652442932,0.00450768182054162,0.004562774673104286,0.004854836966842413,0.004550153389573097,0.004866844043135643,0.004987508058547974,0.004726175218820572,0.004275201354175806
MR-0273,0,0,0.024077730253338814,0.0040479740127921104,0.0038781706243753433,0.005943251308053732,0.04395955801010132,0.04756304249167442,0.0672239139676094,0.0037979644257575274,0.007366023026406765,0.6055232882499695,0.048420146107673645,0.00847644917666912,0.007051172666251659,0.008676609955728054,0.006832363083958626,0.005699672270566225,0.006861040834337473,0.006661002989858389,0.008095241151750088,0.007551389746367931,0.006879950873553753,0.006264093331992626,0.007162677124142647,0.006414501927793026,0.00793363992124796,0.007703842129558325,0.0068257530219852924,0.006946351379156113,0.006978204473853111,0.0066629694774746895,0.008570770733058453,0.010311908088624477,0.0077170743606984615
MR-0289,0,1,0.9028187394142151,0.007140741683542728,0.008426569402217865,0.018004605546593666,0.33349743485450745,0.00695447064936161,0.1422482579946518,0.005941697396337986,0.05164290964603424,0.1521628201007843,0.026025934144854546,0.023043619468808174,0.01188174169510603,0.00776064395904541,0.007504924666136503,0.010529523715376854,0.017100010067224503,0.008729538880288601,0.00796683318912983,0.010496929287910461,0.012448636814951897,0.009680872783064842,0.006148216780275106,0.008195259608328342,0.01079363189637661,0.014091186225414276,0.011456970125436783,0.013016562908887863,0.012748814187943935,0.010196047835052013,0.011740480549633503,0.013844740577042103,0.008579385466873646
MR-0292-t1,1,1,0.9906987547874451,0.005680785048753023,0.006593211088329554,0.010040740482509136,0.7425276637077332,0.004798260051757097,0.01810344308614731,0.019512351602315903,0.015318864025175571,0.017819436267018318,0.009638536721467972,0.008027748204767704,0.0060559771955013275,0.008608197793364525,0.00876368023455143,0.005377854220569134,0.005525059532374144,0.008388993330299854,0.005098462104797363,0.007114168722182512,0.006086983252316713,0.005913021974265575,0.005675261840224266,0.005715165752917528,0.0062765758484601974,0.007414370775222778,0.009497704915702343,0.008561779744923115,0.006590915843844414,0.006775099318474531,0.006494283676147461,0.006020182743668556,0.005985199939459562
MR-0278,1,0,0.4067113697528839,0.0028243374545127153,0.0032811807468533516,0.0026600731071084738,0.008250909857451916,0.00401379493996501,0.0037796804681420326,0.003972833044826984,0.002202714793384075,0.00279171927832067,0.04429730772972107,0.10555243492126465,0.09324686974287033,0.12653814256191254,0.01229896117001772,0.039200056344270706,0.05759859085083008,0.22900646924972534,0.10145749151706696,0.06258288770914078,0.021326111629605293,0.004734484013170004,0.0030700683128088713,0.007419051602482796,0.016395963728427887,0.006564544979482889,0.009159674867987633,0.006420062854886055,0.004618143197149038,0.003991093020886183,0.0040580169297754765,0.003439320484176278,0.003247046610340476
MR-0290,1,1,0.9406636357307434,0.008065269328653812,0.008592897094786167,0.009812470525503159,0.6697854399681091,0.007850208319723606,0.01673351414501667,0.028328049927949905,0.0076266988180577755,0.010250632651150227,0.007116924040019512,0.007649265229701996,0.008624184876680374,0.012656708247959614,0.014782811515033245,0.01007802039384842,0.010092535056173801,0.00915655680000782,0.014879420399665833,0.012789908796548843,0.008762761019170284,0.006987578701227903,0.008522465825080872,0.008517562411725521,0.008215860463678837,0.007940452545881271,0.011782635934650898,0.010867439210414886,0.01326141506433487,0.011912706308066845,0.010153674520552158,0.009563346393406391,0.008640595711767673
MR-0285-t1,1,0,0.022850781679153442,0.0026267259381711483,0.0038839620538055897,0.002538600703701377,0.013115338049829006,0.006450027693063021,0.002946555847302079,0.009681878611445427,0.004788334481418133,0.05266006663441658,0.061865709722042084,0.26560524106025696,0.30066439509391785,0.0655454620718956,0.0032885423861443996,0.01224722433835268,0.01825404167175293,0.06346574425697327,0.013693594373762608,0.01316891796886921,0.018552087247371674,0.00408772099763155,0.00306481565348804,0.011643889360129833,0.00905073806643486,0.004722368437796831,0.007870127446949482,0.008074533194303513,0.003747724462300539,0.0037237475626170635,0.003120985347777605,0.0026886442210525274,0.003162248060107231
MR-0311,0,1,0.5830807685852051,0.005269001703709364,0.005990964360535145,0.007655592169612646,0.005663423798978329,0.012111089192330837,0.008901541121304035,0.014665128663182259,0.010448789224028587,0.009706130251288414,0.009726031683385372,0.010569466277956963,0.013663157820701599,0.020011674612760544,0.032740261405706406,0.08242786675691605,0.132330060005188,0.0864778608083725,0.05836542695760727,0.02465914934873581,0.03657977283000946,0.03372034803032875,0.03940998762845993,0.06779450923204422,0.09246155619621277,0.059135839343070984,0.04450947046279907,0.021087219938635826,0.01554960198700428,0.010255662724375725,0.01112822163850069,0.009675380773842335,0.007309813052415848
MR-0309,0,1,0.6181831955909729,0.008670702576637268,0.00914854183793068,0.015370773151516914,0.01655767485499382,0.014473550952970982,0.02434633858501911,0.027494750916957855,0.03266666829586029,0.02940003201365471,0.030649259686470032,0.028471464291214943,0.032060474157333374,0.04582209512591362,0.0609121210873127,0.08988489210605621,0.06540809571743011,0.06567880511283875,0.047577954828739166,0.024899901822209358,0.023297378793358803,0.020392809063196182,0.03238385543227196,0.03646569326519966,0.05514034628868103,0.04605351760983467,0.03517141938209534,0.017994524911046028,0.013949398882687092,0.013154001906514168,0.012258241884410381,0.014770588837563992,0.009474145248532295
MR-0296-t1,0,1,0.5105583667755127,0.013171810656785965,0.016717923805117607,0.015498732216656208,0.027231654152274132,0.039827968925237656,0.13122068345546722,0.11892467737197876,0.09422095865011215,0.09512722492218018,0.04376751556992531,0.03239927440881729,0.021378174424171448,0.018923373892903328,0.018404165282845497,0.016814060509204865,0.025575175881385803,0.017996896058321,0.023968786001205444,0.015924887731671333,0.016187863424420357,0.017076853662729263,0.017077673226594925,0.016919204965233803,0.016593752428889275,0.016466816887259483,0.017219286412000656,0.015750929713249207,0.01692475751042366,0.01652620919048786,0.016690008342266083,0.016211751848459244,0.013260935433208942
MR-0288-t2,0,0,0.3557852804660797,0.011632849462330341,0.013276015408337116,0.013942831195890903,0.020515458658337593,0.03840144723653793,0.0625535249710083,0.044361867010593414,0.07317439466714859,0.03924940526485443,0.0249803364276886,0.01946854218840599,0.020693933591246605,0.020414864644408226,0.022319793701171875,0.01974845863878727,0.01720176823437214,0.03728775307536125,0.1245821863412857,0.03676634654402733,0.09704799205064774,0.02078680321574211,0.02592688612639904,0.032978564500808716,0.027213525027036667,0.023293349891901016,0.019627470523118973,0.01800713688135147,0.016650881618261337,0.015267562121152878,0.015322641469538212,0.01480496022850275,0.012500397861003876
MR-0284,0,1,0.8538994789123535,0.00635061739012599,0.006911986041814089,0.012364954687654972,0.008203282952308655,0.03277759626507759,0.016457775607705116,0.03746682405471802,0.017928332090377808,0.025993553921580315,0.0185293797403574,0.026226509362459183,0.040874186903238297,0.0681329071521759,0.11076584458351135,0.13169389963150024,0.2016553431749344,0.06037100404500961,0.021212231367826462,0.00997365266084671,0.011243831366300583,0.013800895772874355,0.015118405222892761,0.01643395982682705,0.01359726395457983,0.012812781147658825,0.010362057015299797,0.00934778805822134,0.008426491171121597,0.008367608301341534,0.009163172915577888,0.010082251392304897,0.007353631779551506
MR-0307-t2,1,1,0.5772687196731567,0.009906877763569355,0.011668833903968334,0.015918675810098648,0.025120576843619347,0.039975665509700775,0.06048683077096939,0.19559702277183533,0.04146062210202217,0.07673511654138565,0.04014667868614197,0.027365241199731827,0.025853415951132774,0.023190069943666458,0.054330550134181976,0.06193261593580246,0.06345955282449722,0.021786026656627655,0.018022511154413223,0.016246329993009567,0.014210746623575687,0.013199379667639732,0.013707749545574188,0.014353690668940544,0.013247597962617874,0.013447187840938568,0.013184125535190105,0.013307015411555767,0.01264155562967062,0.013278820551931858,0.013017530553042889,0.01259513758122921,0.0106062525883317
MR-0447,1,1,0.6391342282295227,0.008500060066580772,0.010203331708908081,0.011258811689913273,0.014485500752925873,0.018853170797228813,0.017978796735405922,0.027016988024115562,0.10432097315788269,0.03918755054473877,0.07037793844938278,0.04575715586543083,0.031287044286727905,0.03499472513794899,0.06006418541073799,0.06612609326839447,0.10291939228773117,0.04786009341478348,0.03931877762079239,0.019946720451116562,0.02294464223086834,0.02140926383435726,0.02071215957403183,0.024927878752350807,0.024187693372368813,0.025469642132520676,0.019739627838134766,0.014073297381401062,0.011053936555981636,0.011423821561038494,0.011919640004634857,0.012204498052597046,0.009476520121097565
MR-0287,1,1,0.573920488357544,0.0141431400552392,0.015068775042891502,0.017103010788559914,0.036106232553720474,0.06633694469928741,0.13120868802070618,0.09419742971658707,0.02951931580901146,0.0345124751329422,0.02008795738220215,0.025775976479053497,0.027096504345536232,0.0245471503585577,0.02264723926782608,0.03168098255991936,0.04399403557181358,0.036923088133335114,0.025550920516252518,0.024166816845536232,0.025658367201685905,0.02657167799770832,0.021849725395441055,0.02766996994614601,0.02455836534500122,0.021891651675105095,0.0216361153870821,0.01883891597390175,0.019834531471133232,0.018536880612373352,0.019091103225946426,0.018382830545306206,0.014813248999416828
MR-0280-t2,1,1,0.5749131441116333,0.013425673358142376,0.021235840395092964,0.024880176410079002,0.038982752710580826,0.06458602100610733,0.060722604393959045,0.09175172448158264,0.03612685576081276,0.033787503838539124,0.02703242003917694,0.039547890424728394,0.03354419395327568,0.08343464881181717,0.0359777957201004,0.027476392686367035,0.018561115488409996,0.02475006692111492,0.025589166209101677,0.02224820666015148,0.02204546146094799,0.01887020468711853,0.024138273671269417,0.029267556965351105,0.020055271685123444,0.025158273056149483,0.02010459266602993,0.018803773447871208,0.021615272387862206,0.01927448809146881,0.01908254437148571,0.0192523505538702,0.018670877441763878
MR-0299-t1,0,1,0.6561330556869507,0.01184335257858038,0.0047951918095350266,0.009773466736078262,0.01538587175309658,0.00230771373026073,0.2216966152191162,0.09792109578847885,0.1418464481830597,0.06089313328266144,0.017777565866708755,0.026988204568624496,0.008396229706704617,0.010703756473958492,0.013141108676791191,0.0069528562016785145,0.0685204565525055,0.027246763929724693,0.07282467931509018,0.031839121133089066,0.01717504672706127,0.007266688626259565,0.012662255205214024,0.009540596045553684,0.03524254262447357,0.015582527965307236,0.008427253924310207,0.009958590380847454,0.010836135596036911,0.005514521151781082,0.009333438239991665,0.003608525265008211,0.0039981952868402
MR-0300-t1,0,0,0.2727356255054474,0.008306493982672691,0.004992110189050436,0.008051843382418156,0.012922595255076885,0.005196482874453068,0.19701461493968964,0.01509352307766676,0.016431422904133797,0.019155627116560936,0.12570825219154358,0.006579009350389242,0.00317995622754097,0.002018122700974345,0.00583855714648962,0.007303232327103615,0.14058969914913177,0.03862367197871208,0.0262006688863039,0.033955082297325134,0.0068069687113165855,0.008266951888799667,0.011343997903168201,0.015903158113360405,0.01886710710823536,0.029854504391551018,0.18960198760032654,0.004757408984005451,0.0032705331686884165,0.011526006273925304,0.009727178141474724,0.006518495734781027,0.006394661962985992
MR-0270,0,0,0.010656927712261677,0.003284317208454013,0.002844503615051508,0.006603216752409935,0.002736323047429323,0.003185064299032092,0.0914507731795311,0.10536138713359833,0.2535628378391266,0.28759080171585083,0.1330839842557907,0.020725538954138756,0.004778120666742325,0.005117553286254406,0.004517524037510157,0.007862623780965805,0.003933494444936514,0.0035545346327126026,0.004814642481505871,0.0029856888577342033,0.0024341922253370285,0.0025859493762254715,0.003148987190797925,0.0036947305779904127,0.003586318576708436,0.00446639209985733,0.004583663307130337,0.004638012498617172,0.00511298980563879,0.005605805665254593,0.004965434782207012,0.003753356169909239,0.00343131460249424
MR-0283-t2,0,1,0.9723951816558838,0.008867254480719566,0.006692368537187576,0.005517125129699707,0.022859839722514153,0.010791268199682236,0.5398586392402649,0.0755205899477005,0.014757475815713406,0.012633655220270157,0.0458131842315197,0.006218666210770607,0.005751112010329962,0.028046585619449615,0.014785795472562313,0.012025266885757446,0.00979688297957182,0.007897831499576569,0.013390041887760162,0.038882698863744736,0.012078456580638885,0.00977657362818718,0.009342185221612453,0.017525020986795425,0.007963765412569046,0.006657278165221214,0.010703304782509804,0.01310859527438879,0.010156930424273014,0.004682582337409258,0.006017516367137432,0.00668988935649395,0.005191620439291
MR-0310,1,0,0.03376472741365433,0.003234184579923749,0.004721108824014664,0.007216497324407101,0.0039510345086455345,0.007979331538081169,0.014268992468714714,0.029228242114186287,0.17004281282424927,0.2217697650194168,0.0165645033121109,0.005236894823610783,0.0036053331568837166,0.0032222960144281387,0.007131654303520918,0.01357418391853571,0.03563776612281799,0.0602644644677639,0.009332209825515747,0.009760785847902298,0.010812101885676384,0.004216812085360289,0.009325019083917141,0.005885781720280647,0.010950833559036255,0.05151410400867462,0.0410165898501873,0.18280313909053802,0.01673996075987816,0.03184468299150467,0.0022690491750836372,0.0023322198539972305,0.003547623520717025
MR-0305,1,1,0.940563440322876,0.002980672288686037,0.0033010332845151424,0.0024213173892349005,0.004327668342739344,0.0024893609806895256,0.0063730888068675995,0.013953320682048798,0.021092412993311882,0.024762094020843506,0.03215177729725838,0.007921474054455757,0.0032440167851746082,0.004059033002704382,0.006921232677996159,0.0473150797188282,0.4771519601345062,0.15341618657112122,0.018191030248999596,0.007203562185168266,0.004733447451144457,0.0032705997582525015,0.0021382863633334637,0.0029498753137886524,0.005824278108775616,0.011859769932925701,0.03319919481873512,0.057359665632247925,0.013413434848189354,0.019859516993165016,0.001919888542033732,0.0015966270584613085,0.0025990933645516634
MR-0304-t2,1,0,0.02683597430586815,0.0038886519614607096,0.0038018422201275826,0.004491021856665611,0.016342444345355034,0.0036305796820670366,0.018106622621417046,0.06325483322143555,0.24807050824165344,0.29486554861068726,0.03471827134490013,0.011599653400480747,0.003111363621428609,0.0029677841812372208,0.010240580886602402,0.03842812031507492,0.026631271466612816,0.03733029589056969,0.008332245983183384,0.010665017180144787,0.010105974972248077,0.00599336251616478,0.0032916483469307423,0.004330492578446865,0.01277871336787939,0.01533968560397625,0.03862074390053749,0.04237590357661247,0.006978462915867567,0.011604118160903454,0.0022005965001881123,0.00221779802814126,0.0036857379600405693
MR-0302-t2,1,1,0.5041651725769043,0.009803217835724354,0.006846352014690638,0.010717795230448246,0.017787372693419456,0.005374100059270859,0.21112298965454102,0.027661968022584915,0.12258622795343399,0.11275367438793182,0.16867627203464508,0.011160312220454216,0.010345667600631714,0.008335274644196033,0.007602329831570387,0.05892731994390488,0.03738506883382797,0.010427494533360004,0.025844627991318703,0.022740110754966736,0.01091593224555254,0.008575676940381527,0.01002044603228569,0.004342505242675543,0.004506303928792477,0.010610352270305157,0.0140842255204916,0.008786123245954514,0.006539131980389357,0.011874220333993435,0.00873146764934063,0.006964033003896475,0.007951457053422928
MR-0302-t1,1,0,0.176431804895401,0.0021188585087656975,0.0016902745701372623,0.001946736709214747,0.005746634677052498,0.001671688398346305,0.06299113482236862,0.08352119475603104,0.061750929802656174,0.16334205865859985,0.14833854138851166,0.01139756292104721,0.0025614253245294094,0.003184098983183503,0.0051699741743505,0.03693905100226402,0.29837700724601746,0.05110585689544678,0.006249098107218742,0.0059402091428637505,0.0029139292892068624,0.0028791765216737986,0.0014525209553539753,0.0013001554179936647,0.0034347171895205975,0.0036832657642662525,0.009288606233894825,0.007273421622812748,0.004009887110441923,0.005381111055612564,0.0015382253332063556,0.001121376408264041,0.0016812884714454412
MR-0474,0,1,0.7126750946044922,0.012360417284071445,0.047670625150203705,0.0021367305889725685,0.0028663978446274996,0.002543250797316432,0.07543724775314331,0.07162202149629593,0.04119338467717171,0.011042194440960884,0.0140177421271801,0.05320385470986366,0.05953463912010193,0.030003627762198448,0.035093795508146286,0.0443955659866333,0.01916372776031494,0.0125233493745327,0.010888289660215378,0.016022633761167526,0.0189985204488039,0.025376025587320328,0.023986700922250748,0.02383769489824772,0.02371705137193203,0.025790313258767128,0.02631879784166813,0.02376915141940117,0.025342348963022232,0.02768927626311779,0.022046096622943878,0.1464501917362213,0.024958407506346703
MR-0296-t2,0,1,0.9950932264328003,0.025250442326068878,0.03486276790499687,0.01579202711582184,0.00031981823849491775,0.008737179450690746,0.0035678267013281584,0.028037820011377335,0.012160580605268478,0.009576771408319473,0.010315122082829475,0.011830556206405163,0.023951848968863487,0.03209516033530235,0.12408851832151413,0.04328882694244385,0.09846946597099304,0.01272318884730339,0.029819771647453308,0.010197139345109463,0.04298270121216774,0.04951664060354233,0.03195101395249367,0.03188755735754967,0.026824863627552986,0.030054684728384018,0.03958562761545181,0.027958575636148453,0.032013628631830215,0.039189863950014114,0.03818420320749283,0.01395200751721859,0.060813818126916885
MR-0303,0,1,0.953043520450592,0.027887271717190742,0.025291260331869125,0.05610484257340431,0.00571057666093111,0.033920589834451675,0.007086346857249737,0.0055720750242471695,0.010201415978372097,0.011089866980910301,0.018602773547172546,0.013238925486803055,0.029807643964886665,0.049736857414245605,0.0802566409111023,0.07121622562408447,0.03937913849949837,0.013794075697660446,0.011061561293900013,0.016068272292613983,0.06212143227458,0.06083104386925697,0.04300776496529579,0.014984836801886559,0.019430464133620262,0.022596875205636024,0.034212104976177216,0.015349800698459148,0.01264237891882658,0.027477914467453957,0.029090778902173042,0.04375143721699715,0.0884767696261406
MR-0300-t2,0,0,0.3936397433280945,0.010206025093793869,0.026446374133229256,0.06772687286138535,0.009354532696306705,0.044639285653829575,0.010729284957051277,0.006628377363085747,0.08581982553005219,0.013235889375209808,0.07510942220687866,0.014454114250838757,0.0216797087341547,0.023964183405041695,0.024395180866122246,0.025074858218431473,0.05722959339618683,0.012577388435602188,0.022206664085388184,0.03602849692106247,0.03902723267674446,0.05290311202406883,0.06613161414861679,0.014259564690291882,0.020012186840176582,0.01656099036335945,0.019199825823307037,0.013836817815899849,0.01426962111145258,0.01611039973795414,0.04685505852103233,0.056897133588790894,0.036430347710847855
MR-0313,1,1,0.9863757491111755,0.026773979887366295,0.05507128685712814,0.019241031259298325,0.00036634778371080756,0.005977529566735029,0.013651159591972828,0.019554976373910904,0.011294200085103512,0.018954552710056305,0.02166041173040867,0.022492632269859314,0.02006189525127411,0.04298136383295059,0.01580194942653179,0.01992068812251091,0.07927736639976501,0.051389604806900024,0.03755553066730499,0.019684964790940285,0.02587333880364895,0.013441437855362892,0.01596614345908165,0.030997106805443764,0.029976097866892815,0.03104868344962597,0.024357039481401443,0.02502981759607792,0.03472042456269264,0.04236800596117973,0.04381011798977852,0.055151328444480896,0.12554894387722015
MR-0312,1,1,0.9710549712181091,0.025929678231477737,0.02450435981154442,0.02284206822514534,0.002707424573600292,0.02186165563762188,0.014714700169861317,0.010998549871146679,0.008661308325827122,0.007508414331823587,0.014828914776444435,0.008318382315337658,0.02543489634990692,0.020221548154950142,0.12312690168619156,0.054159700870513916,0.09887697547674179,0.020653296262025833,0.008631883189082146,0.013827668502926826,0.03619946166872978,0.06319234520196915,0.047716956585645676,0.017454564571380615,0.013429819606244564,0.024338537827134132,0.05175960063934326,0.014092691242694855,0.013678661547601223,0.02406691387295723,0.031075065955519676,0.04345954954624176,0.09172749519348145
MR-0301-t2,1,0,0.23894350230693817,0.010125837288796902,0.007790751755237579,0.020360173657536507,0.0021098838187754154,0.008351940661668777,0.003979019355028868,0.13963361084461212,0.05610876902937889,0.00785655714571476,0.05344146862626076,0.010109763592481613,0.026077186688780785,0.014653020538389683,0.014760486781597137,0.02760203368961811,0.058917783200740814,0.15455937385559082,0.017029736191034317,0.021973321214318275,0.05116768926382065,0.010818645358085632,0.00900282897055149,0.021234991028904915,0.016585569828748703,0.017056234180927277,0.022013118490576744,0.02049148455262184,0.01722448132932186,0.01380755752325058,0.04752933979034424,0.019892126321792603,0.07773523032665253
MR-0292-t2,1,1,0.9515042304992676,0.02108113095164299,0.024502741172909737,0.014790457673370838,0.16282595694065094,0.006399901583790779,0.010667871683835983,0.015546540729701519,0.008547141216695309,0.01321322936564684,0.028387686237692833,0.023388022556900978,0.029832439497113228,0.023372095078229904,0.04105290770530701,0.026572130620479584,0.028541287407279015,0.024155501276254654,0.02318752370774746,0.026091333478689194,0.02494765631854534,0.02419266663491726,0.03129560127854347,0.02876676619052887,0.029055850580334663,0.03233585134148598,0.02794576622545719,0.03635947033762932,0.029284387826919556,0.023216748610138893,0.029191356152296066,0.03077659383416176,0.10047539323568344
MR-0274,1,0,0.05108795687556267,0.004327226895838976,0.013539150357246399,0.0029805514495819807,0.24685165286064148,0.008451797999441624,0.02247549220919609,0.044178757816553116,0.025902269408106804,0.018136214464902878,0.06585010141134262,0.08561330288648605,0.30126792192459106,0.019149649888277054,0.011125713586807251,0.005813642870634794,0.011949596926569939,0.005497151054441929,0.010326651856303215,0.007134824991226196,0.0037937124725431204,0.011849737726151943,0.006631187628954649,0.005113998427987099,0.004469480365514755,0.005561129190027714,0.006414029747247696,0.0031820745207369328,0.007684579584747553,0.004606989677995443,0.009529104456305504,0.004643886815756559,0.015948420390486717
