subject,label,pred,prob_fad,attn_pos_0,attn_pos_1,attn_pos_2,attn_pos_3,attn_pos_4,attn_pos_5,attn_pos_6,attn_pos_7,attn_pos_8,attn_pos_9,attn_pos_10,attn_pos_11,attn_pos_12,attn_pos_13,attn_pos_14,attn_pos_15,attn_pos_16,attn_pos_17,attn_pos_18,attn_pos_19,attn_pos_20,attn_pos_21,attn_pos_22,attn_pos_23,attn_pos_24,attn_pos_25,attn_pos_26,attn_pos_27,attn_pos_28,attn_pos_29,attn_pos_30,attn_pos_31,attn_pos_32,attn_pos_33,attn_pos_34,attn_pos_35,attn_pos_36,attn_pos_37,attn_pos_38,attn_pos_39,attn_pos_40,attn_pos_41,attn_pos_42,attn_pos_43,attn_pos_44,attn_pos_45,attn_pos_46,attn_pos_47,attn_pos_48,attn_pos_49,attn_pos_50,attn_pos_51,attn_pos_52,attn_pos_53,attn_pos_54,attn_pos_55,attn_pos_56,attn_pos_57,attn_pos_58,attn_pos_59,attn_pos_60,attn_pos_61,attn_pos_62,attn_pos_63,attn_pos_64,attn_pos_65,attn_pos_66,attn_pos_67
MR-0298-t2,0,1,0.9261012077331543,0.0062346928752958775,0.015428011305630207,0.21000494062900543,0.006876776926219463,0.00694053852930665,0.0062309494242072105,0.007129543460905552,0.006256628781557083,0.006689697969704866,0.0066689918749034405,0.006657672114670277,0.03407600149512291,0.008518654853105545,0.005525738000869751,0.010865943506360054,0.0128327626734972,0.006633434910327196,0.005175445228815079,0.006595988757908344,0.004526836797595024,0.003738153725862503,0.00917531456798315,0.005861068610101938,0.014771816320717335,0.009786159731447697,0.008812477812170982,0.009254978969693184,0.009835980832576752,0.007202521897852421,0.007955584675073624,0.006545135751366615,0.007331866770982742,0.0064016906544566154,0.0065047466196119785,0.0064085195772349834,0.006740189157426357,0.006589982658624649,0.00690300902351737,0.006871637888252735,0.007168141659349203,0.007773011922836304,0.006784867960959673,0.006593168247491121,0.006966040004044771,0.0063258204609155655,0.006810370367020369,0.007760387379676104,0.007086863741278648,0.006754370406270027,0.00672331266105175,0.007728331722319126,0.005955096334218979,0.015533741563558578,0.006278201472014189,0.038118887692689896,0.006875514984130859,0.053189560770988464,0.007778484374284744,0.04575400426983833,0.008993140421807766,0.054880086332559586,0.010928393341600895,0.06904555857181549,0.014899231493473053,0.00936153158545494,0.023022916167974472,0.006704474333673716,0.011646348983049393
MR-0298-t1,0,0,0.1256362795829773,0.0021345268469303846,0.004669051617383957,0.07248122990131378,0.0035907025448977947,0.003107968717813492,0.0028079787734895945,0.004607750568538904,0.003160113701596856,0.003697389969602227,0.0034795913379639387,0.005436454899609089,0.042236533015966415,0.00408592214807868,0.0019779843278229237,0.005222557112574577,0.004530266392976046,0.003298527328297496,0.0024794084019958973,0.0030090101063251495,0.0013463998911902308,0.0012745957355946302,0.0017044560518115759,0.004055325873196125,0.007100782822817564,0.009541172534227371,0.01966620795428753,0.2489578276872635,0.13905353844165802,0.0354548878967762,0.00571282347664237,0.0029421248473227024,0.0033318698406219482,0.007060864008963108,0.005511139519512653,0.008107091300189495,0.03688367083668709,0.009298639371991158,0.05759997293353081,0.05197494477033615,0.018037470057606697,0.010980910621583462,0.006512087304145098,0.0032911733724176884,0.004169504623860121,0.004932411015033722,0.0035465757828205824,0.003544208826497197,0.004825828596949577,0.0030724979005753994,0.0030750143341720104,0.0039331852458417416,0.0032402179203927517,0.00482891546562314,0.0029678326100111008,0.00858224369585514,0.0029244243633002043,0.00951405894011259,0.004559942055493593,0.012134095653891563,0.00442396430298686,0.008141417987644672,0.00420835055410862,0.009176294319331646,0.0035784661304205656,0.003996186889708042,0.0067796120420098305,0.0026083176489919424,0.005823454819619656
MR-0276,0,1,0.9151819348335266,0.004266617354005575,0.007584198843687773,0.24876704812049866,0.005315583664923906,0.004975609481334686,0.009517362341284752,0.00677643483504653,0.003941337112337351,0.00659392261877656,0.0052042449824512005,0.008042234927415848,0.26167652010917664,0.013004688546061516,0.0021935305558145046,0.006586926989257336,0.00738291023299098,0.005185098387300968,0.003578793490305543,0.009274272248148918,0.0037319688126444817,0.0031039873138070107,0.0048752096481621265,0.004875897895544767,0.006125650368630886,0.005404436960816383,0.005094180814921856,0.004880371503531933,0.004004606977105141,0.004043751861900091,0.003809927497059107,0.004812211263924837,0.004876469727605581,0.003910931758582592,0.006103185471147299,0.008008841425180435,0.0062307086773216724,0.009118124842643738,0.010100549086928368,0.009219261817634106,0.00887761265039444,0.006510087288916111,0.005499621853232384,0.0053521329537034035,0.005302279256284237,0.0052861361764371395,0.005085002165287733,0.005847216118127108,0.0052950745448470116,0.00622602691873908,0.0053588324226439,0.00681774877011776,0.005163376685231924,0.017767200246453285,0.0054748146794736385,0.025604479014873505,0.006798237096518278,0.025518450886011124,0.007478394545614719,0.017100602388381958,0.008143389597535133,0.014354758895933628,0.008230403065681458,0.01199741568416357,0.009697925299406052,0.006624686531722546,0.011372942477464676,0.0058048684149980545,0.009212660603225231
MR-0294,0,1,0.8595154881477356,0.009547787718474865,0.01676730066537857,0.03737276792526245,0.00764637952670455,0.008892912417650223,0.005346875637769699,0.04160260409116745,0.008687596768140793,0.00693812221288681,0.009376030415296555,0.00906252209097147,0.018991490826010704,0.009220338426530361,0.009837099350988865,0.009028665721416473,0.015034635551273823,0.009797113947570324,0.02032889984548092,0.006903622765094042,0.0024540540762245655,0.009194176644086838,0.0035706553608179092,0.006345381028950214,0.011263652704656124,0.008315050043165684,0.009468651376664639,0.007465240079909563,0.016523586586117744,0.008862979710102081,0.01233105268329382,0.010978501290082932,0.00877243559807539,0.008965300396084785,0.007763771340250969,0.010750174522399902,0.011422124691307545,0.011407224461436272,0.008270615711808205,0.008960787206888199,0.008288057520985603,0.008496126160025597,0.010984701104462147,0.009199791587889194,0.008206094615161419,0.008176611736416817,0.012033606879413128,0.009397338144481182,0.009243487380445004,0.012708078138530254,0.0076842703856527805,0.015785589814186096,0.008090599440038204,0.04219413548707962,0.006817056331783533,0.03698280081152916,0.008039924316108227,0.04376886412501335,0.008523876778781414,0.050345465540885925,0.01102516520768404,0.06393922120332718,0.015763690695166588,0.06787335127592087,0.011180674657225609,0.014532724395394325,0.02129017747938633,0.007496742531657219,0.01846356876194477
MR-0288-t1,0,0,0.06573950499296188,0.0033589976374059916,0.0027735698968172073,0.012947243638336658,0.004231920465826988,0.004194124136120081,0.0040289596654474735,0.005713822785764933,0.004203097894787788,0.004317869897931814,0.00471906503662467,0.008509023115038872,0.18770690262317657,0.007771725300699472,0.0009540640749037266,0.0045623779296875,0.004763971548527479,0.004362018778920174,0.04673812538385391,0.003010358428582549,0.018430659547448158,0.42850878834724426,0.003974444232881069,0.007433997467160225,0.005430303514003754,0.004559544380754232,0.004437066148966551,0.003863729303702712,0.00462143961340189,0.004345371387898922,0.004563968628644943,0.0049341702833771706,0.004447244107723236,0.004149686079472303,0.0043364460580050945,0.00447964807972312,0.00561330933123827,0.006970453541725874,0.006194557994604111,0.005418531596660614,0.004871523939073086,0.004375102464109659,0.0043019200675189495,0.004236533772200346,0.0043608336709439754,0.004148184321820736,0.004275742918252945,0.004491651430726051,0.004253693390637636,0.004555241670459509,0.0043632821179926395,0.004496286623179913,0.003971697296947241,0.006570657715201378,0.0041399989277124405,0.008293180726468563,0.004373230040073395,0.008152271620929241,0.0041968077421188354,0.007957755587995052,0.0036853377241641283,0.007053560111671686,0.003096796339377761,0.0063752057030797005,0.0027214172296226025,0.0036404223646968603,0.006614454090595245,0.0028705105651170015,0.007976114749908447
MR-0293,1,1,0.7700463533401489,0.0077772680670022964,0.01179513894021511,0.0659622997045517,0.008180864155292511,0.009471392259001732,0.005469933617860079,0.014233381487429142,0.0075739226303994656,0.005728057119995356,0.011790060438215733,0.007139174267649651,0.050875015556812286,0.01399556640535593,0.008371309377253056,0.010437888093292713,0.018671048805117607,0.008669912815093994,0.03135928884148598,0.005717705003917217,0.006077144294977188,0.017851252108812332,0.0027716532349586487,0.008945408277213573,0.0046754078939557076,0.009121186099946499,0.01687558926641941,0.05001749098300934,0.06261900812387466,0.005575592629611492,0.009904692880809307,0.008116030134260654,0.009381571784615517,0.008430513553321362,0.008760841563344002,0.009761763736605644,0.010708501562476158,0.007237106095999479,0.010234015993773937,0.009015639312565327,0.007160620763897896,0.009563266299664974,0.007528453134000301,0.008012021891772747,0.007255062460899353,0.007410827558487654,0.008290603756904602,0.008054610341787338,0.007532999850809574,0.007965034805238247,0.006650743540376425,0.013305812142789364,0.006999946665018797,0.019217848777770996,0.008518340066075325,0.019936205819249153,0.0077053760178387165,0.033947255462408066,0.009121464565396309,0.025515440851449966,0.008289987221360207,0.03161752223968506,0.0072571211494505405,0.0683581680059433,0.012234443798661232,0.020489288493990898,0.020846601575613022,0.005285327788442373,0.016629986464977264
MR-0275,1,0,0.39932721853256226,0.002864194568246603,0.0027316980995237827,0.1498558074235916,0.003474739845842123,0.003688849275931716,0.005839713849127293,0.0027779540978372097,0.006407787092030048,0.005400597117841244,0.003933473955839872,0.004736298229545355,0.5465460419654846,0.008683396503329277,0.00106032972689718,0.004886029753834009,0.0037032109685242176,0.0036416524089872837,0.003355368971824646,0.003190215677022934,0.0023313311394304037,0.002220351481810212,0.0028990928549319506,0.0038013607263565063,0.0040217298083007336,0.00424621207639575,0.003725237911567092,0.003298909869045019,0.004626370035111904,0.0037130648270249367,0.0037347516044974327,0.004200774244964123,0.0034412380773574114,0.00361879775300622,0.0037669793237000704,0.0035178253892809153,0.003769496688619256,0.0038843252696096897,0.0036690314300358295,0.0036153432447463274,0.0035268564242869616,0.0034633707255125046,0.0036089099012315273,0.003506425768136978,0.0037519370671361685,0.003533798735588789,0.003718772204592824,0.0033503808081150055,0.003585313679650426,0.0035157878883183002,0.0034375854302197695,0.004592887591570616,0.003430264536291361,0.006485879886895418,0.0035292101092636585,0.007915394380688667,0.004320383071899414,0.009450972080230713,0.004730560816824436,0.011097890324890614,0.004625463858246803,0.011494986712932587,0.006014164537191391,0.011867137625813484,0.006680241785943508,0.007305868901312351,0.008335578255355358,0.003336429363116622,0.006907943170517683
MR-0291,1,1,0.7514087557792664,0.0039701261557638645,0.015200156718492508,0.1396445482969284,0.0057212854735553265,0.005709482356905937,0.004876849241554737,0.008879739791154861,0.005644895602017641,0.00542701780796051,0.008319796063005924,0.006519357208162546,0.05514715611934662,0.007595763076096773,0.004251283593475819,0.007027511019259691,0.01172441802918911,0.005569250322878361,0.010366484522819519,0.004895997233688831,0.005308791063725948,0.12144729495048523,0.005268284119665623,0.008555262349545956,0.00978867057710886,0.004833051469177008,0.018378062173724174,0.04799767583608627,0.048517804592847824,0.00540407607331872,0.006809557788074017,0.006352407857775688,0.00547917140647769,0.005579641554504633,0.005184127017855644,0.005715006031095982,0.00588332349434495,0.005130167119204998,0.005343664437532425,0.005239578429609537,0.006591693963855505,0.00601144740357995,0.006435807794332504,0.006640432868152857,0.006598433014005423,0.00596322538331151,0.007055434864014387,0.006413774564862251,0.00710828835144639,0.006705171894282103,0.005176858976483345,0.007385691627860069,0.005154258571565151,0.029412992298603058,0.00522977439686656,0.02793768420815468,0.006102836225181818,0.03961778059601784,0.006584701593965292,0.03585648536682129,0.0074704731814563274,0.02908000722527504,0.00851413607597351,0.02418423257768154,0.008344162255525589,0.006813369691371918,0.01712840050458908,0.0046125007793307304,0.011163150891661644
MR-0285-t2,1,1,0.9924355149269104,0.008068446069955826,0.018090544268488884,0.5668773651123047,0.004329012241214514,0.004686214029788971,0.00409342534840107,0.005044447723776102,0.004203829448670149,0.0039514279924333096,0.004267743788659573,0.005434704013168812,0.06600881367921829,0.008462835103273392,0.002150453394278884,0.0067065684124827385,0.004376043565571308,0.004475439433008432,0.0039194426499307156,0.0055242907255887985,0.0031984124798327684,0.001935490989126265,0.0027829566970467567,0.0043291668407619,0.005075004883110523,0.00522296316921711,0.00479467585682869,0.004910887684673071,0.0038356948643922806,0.005199500825256109,0.004365758039057255,0.005102404393255711,0.004759271629154682,0.00459408899769187,0.004002305679023266,0.004287114366889,0.004104098305106163,0.004525953438133001,0.004508725367486477,0.0047655231319367886,0.004589666146785021,0.004369167145341635,0.004062327556312084,0.0038127037696540356,0.0039784847758710384,0.0043837083503603935,0.004417742602527142,0.00452821422368288,0.00400087283924222,0.005082875490188599,0.0046493886038661,0.005787364672869444,0.003937012515962124,0.0054794237948954105,0.0045045288279652596,0.012548651546239853,0.004819897934794426,0.011607087217271328,0.005272219888865948,0.010647827759385109,0.00550182955339551,0.010639484040439129,0.005252033472061157,0.010503743775188923,0.00602364307269454,0.007265082560479641,0.010924038477241993,0.003805476473644376,0.010634476318955421
MR-0280-t1,1,1,0.961706817150116,0.002724806312471628,0.01775220036506653,0.4162381589412689,0.006734293885529041,0.006319446489214897,0.005014793481677771,0.005624709650874138,0.004515189211815596,0.005063486751168966,0.006337854545563459,0.004080921411514282,0.06226767599582672,0.006829224526882172,0.0019321456784382463,0.005047362297773361,0.01112921442836523,0.004321049898862839,0.005147140473127365,0.003977523650974035,0.004177442751824856,0.04569241777062416,0.003810684895142913,0.004388062749058008,0.0050758905708789825,0.004476436413824558,0.005551961250603199,0.009833484888076782,0.005487566348165274,0.017188848927617073,0.011651674285531044,0.010650393553078175,0.0049791764467954636,0.00656199362128973,0.006201296579092741,0.004775919485837221,0.00786780659109354,0.009617643430829048,0.007062664721161127,0.008903481997549534,0.005348472855985165,0.007062135264277458,0.0060641951858997345,0.006863793823868036,0.009222502820193768,0.006734795868396759,0.008089619688689709,0.006735239177942276,0.005788540933281183,0.008532484993338585,0.005399486981332302,0.011198708787560463,0.004553017672151327,0.011159420013427734,0.004995245020836592,0.015009565278887749,0.004981182981282473,0.01576935686171055,0.007500181905925274,0.015399297699332237,0.005295730661600828,0.014425884000957012,0.00692384410649538,0.006683471146970987,0.00663168728351593,0.012404628098011017,0.006506471894681454,0.002912661526352167,0.006796319968998432
MR-0306,0,0,0.19188249111175537,0.001383299590088427,0.1384110301733017,0.0032865849789232016,0.0025194904301315546,0.004221729002892971,0.0036903521977365017,0.003473254619166255,0.01221198495477438,0.0028301335405558348,0.0030709984712302685,0.007035564631223679,0.0027275993488729,0.0020654471591115,0.5726104378700256,0.0038993111811578274,0.0030094110406935215,0.004126572981476784,0.004181182477623224,0.005097196903079748,0.0038713766261935234,0.006394979078322649,0.007125459145754576,0.007620637770742178,0.005790565628558397,0.0038347013760358095,0.004930931143462658,0.004335959441959858,0.004566980991512537,0.0036864159628748894,0.0031564757227897644,0.0021028004121035337,0.0034781983122229576,0.002198684262111783,0.003109624842181802,0.0033207470551133156,0.0028796764090657234,0.004284242633730173,0.004649408161640167,0.005848230328410864,0.005094048101454973,0.004733182955533266,0.004983800463378429,0.003953597042709589,0.004172639921307564,0.005609612911939621,0.005575545597821474,0.0036415939684957266,0.0030681034550070763,0.0029810448177158833,0.0029534264467656612,0.003174383193254471,0.0033468652982264757,0.0038597036618739367,0.0037508984096348286,0.0043537188321352005,0.0032135879155248404,0.004485728219151497,0.00334830186329782,0.006474049296230078,0.0037587350234389305,0.008068395778536797,0.003474829951301217,0.009934409521520138,0.0032380451448261738,0.008974074386060238,0.0031863502226769924,0.007092327810823917,0.002461293013766408
MR-0491,0,1,0.6214305758476257,0.00242051319219172,0.11194780468940735,0.005894574802368879,0.004044081550091505,0.014570806175470352,0.008055751211941242,0.0038329120725393295,0.08417756855487823,0.0036311871372163296,0.004279957618564367,0.008165290579199791,0.005703875795006752,0.0034021837636828423,0.05126958712935448,0.00508354464545846,0.004258387256413698,0.009557853452861309,0.011881701648235321,0.010763414204120636,0.03860274329781532,0.025272680446505547,0.01535587664693594,0.022264402359724045,0.019800245761871338,0.011327408254146576,0.01050917711108923,0.013016989454627037,0.011096297763288021,0.006874794140458107,0.006183446850627661,0.0052164699882268906,0.005570369306951761,0.0044411541894078255,0.004489089362323284,0.003664745017886162,0.005687303375452757,0.004812157712876797,0.005094223655760288,0.005706591997295618,0.006029002368450165,0.005975421518087387,0.006416193209588528,0.005456910002976656,0.005845435429364443,0.010845830664038658,0.011676064692437649,0.007762863300740719,0.007017596159130335,0.004266317933797836,0.005122320726513863,0.006976388394832611,0.007943170145154,0.013040770776569843,0.013857989571988583,0.016349952667951584,0.016444459557533264,0.022898128256201744,0.013543296605348587,0.034781910479068756,0.01782921515405178,0.031206024810671806,0.019039692357182503,0.037579141557216644,0.02096353843808174,0.04455403983592987,0.010519029572606087,0.014423674903810024,0.0037084391806274652
MR-0282,0,0,0.38009411096572876,0.0017563080182299018,0.18364351987838745,0.0030667136888951063,0.0030665702652186155,0.0036116025876253843,0.005075693596154451,0.005238768644630909,0.0036798419896513224,0.0029706405475735664,0.003426127601414919,0.0075470763258636,0.002997943665832281,0.002397308824583888,0.4517187178134918,0.004230904392898083,0.003256699303165078,0.004865579307079315,0.0076938956044614315,0.0049208845011889935,0.0037146483082324266,0.011182788759469986,0.01635032333433628,0.01586028002202511,0.009010418318212032,0.006749929394572973,0.006118946708738804,0.004676048178225756,0.006383313797414303,0.004412884823977947,0.004487779922783375,0.0042039742693305016,0.003601138712838292,0.0035940587986260653,0.0034992534201592207,0.003516079857945442,0.003400630783289671,0.003455626079812646,0.003431092482060194,0.0036398940719664097,0.003747456707060337,0.003726526163518429,0.003692228114232421,0.003677986329421401,0.003689822508022189,0.004051736555993557,0.004039048217236996,0.003777759848162532,0.0037766967434436083,0.003745571942999959,0.00391050148755312,0.004086286760866642,0.004288728814572096,0.004725477192550898,0.004394844640046358,0.0050934236496686935,0.004223724361509085,0.006394823081791401,0.004160815849900246,0.009758266620337963,0.004220711998641491,0.013071996159851551,0.004006146918982267,0.015710413455963135,0.003696195315569639,0.01588176004588604,0.0024627286475151777,0.022611552849411964,0.0029228143393993378
MR-0273,0,0,0.18132872879505157,0.000583542394451797,0.2164708524942398,0.0015931634698063135,0.0010696890531107783,0.0013663575518876314,0.0034679435193538666,0.002125358674675226,0.0035099321976304054,0.0010853587882593274,0.0010655410587787628,0.0036008411552757025,0.0006812748033553362,0.0004679787962231785,0.6714509725570679,0.0019095512107014656,0.0012479067081585526,0.0014604652533307672,0.0015686836559325457,0.0019272186327725649,0.0020306548103690147,0.002014657948166132,0.00357508915476501,0.003188238712027669,0.003698100568726659,0.0032259360887110233,0.001712872413918376,0.0015938448486849666,0.0014340364141389728,0.0013335405383259058,0.0013874995056539774,0.0014110977062955499,0.0014126948080956936,0.0013992863241583109,0.0014488055603578687,0.0015000428538769484,0.0014528387691825628,0.001434841426089406,0.0014433986507356167,0.0014924061251804233,0.0014870089944452047,0.0014841408701613545,0.0014404222602024674,0.001427609589882195,0.0014679527375847101,0.0014987575123086572,0.0015239157946780324,0.0014747231034561992,0.0014033461920917034,0.0013992602471262217,0.0014697674196213484,0.001478006481193006,0.0014754129806533456,0.0016321399016305804,0.0013661712873727083,0.0016537542687729,0.0014148998307064176,0.0019537995103746653,0.0014480893732979894,0.0019214213825762272,0.0014008671278133988,0.002129384782165289,0.001387555617839098,0.0022787684574723244,0.001333288848400116,0.0022354016546159983,0.0012820267584174871,0.001523137092590332,0.0011664627818390727
MR-0289,0,1,0.6407835483551025,0.0025331000797450542,0.15992052853107452,0.004726318176835775,0.004841431509703398,0.005953469313681126,0.008779862895607948,0.007956599816679955,0.007261617109179497,0.0054104747250676155,0.007624809630215168,0.009491975419223309,0.007464294321835041,0.00466707069426775,0.20105652511119843,0.0081024793908,0.0060994368977844715,0.008452451787889004,0.009158073924481869,0.01051480881869793,0.005538592580705881,0.02028757333755493,0.017156099900603294,0.02419830672442913,0.042169239372015,0.01674548350274563,0.01872149296104908,0.010462985374033451,0.013215949758887291,0.0112152686342597,0.006950881332159042,0.009081520140171051,0.007285730913281441,0.006333126220852137,0.006452174857258797,0.007201076950877905,0.006651114672422409,0.006078039761632681,0.005583650898188353,0.007054463494569063,0.006743199657648802,0.0069956472143530846,0.007465220522135496,0.006878658197820187,0.007681644055992365,0.0066630663350224495,0.0070741078816354275,0.008875089697539806,0.005663516465574503,0.005246085114777088,0.00574348634108901,0.007014439441263676,0.007271089591085911,0.009088351391255856,0.007942560128867626,0.009283754043281078,0.007622115314006805,0.013263055123388767,0.006522383540868759,0.017024749889969826,0.006819511763751507,0.018229464069008827,0.005455346312373877,0.024738313630223274,0.004754297435283661,0.014420177787542343,0.004591116216033697,0.027618970721960068,0.0049124653451144695
MR-0292-t1,1,1,0.6778472661972046,0.004186026286333799,0.1424318253993988,0.0098881796002388,0.006380463019013405,0.007235050201416016,0.010940838605165482,0.01007322408258915,0.006668489426374435,0.0066451686434447765,0.007724782917648554,0.011597206816077232,0.008510845713317394,0.007013614289462566,0.047444235533475876,0.009389945305883884,0.008345775306224823,0.015914686024188995,0.01697481796145439,0.01206914521753788,0.005110838450491428,0.04843640327453613,0.05157473683357239,0.03667784854769707,0.03615257516503334,0.018083179369568825,0.01279749721288681,0.008824995718896389,0.00829699169844389,0.0072508687153458595,0.006518734153360128,0.005687115713953972,0.006771165411919355,0.006848485209047794,0.007778610102832317,0.00734483078122139,0.0066627017222344875,0.006651350762695074,0.0068698241375386715,0.00754518760368228,0.00831734947860241,0.009258059784770012,0.009175765328109264,0.008205852471292019,0.007585692219436169,0.007603893987834454,0.00734416488558054,0.006943501997739077,0.006924899760633707,0.006655833218246698,0.00697696628049016,0.007779109291732311,0.008625472895801067,0.010902082547545433,0.01108198706060648,0.01258380338549614,0.0103073725476861,0.018731752410531044,0.008943970315158367,0.025015629827976227,0.011423326097428799,0.023762686178088188,0.007599113043397665,0.030860038474202156,0.005760404746979475,0.030670803040266037,0.004586138762533665,0.028376001864671707,0.006680089980363846
MR-0278,1,1,0.732734203338623,0.0014212203677743673,0.30559852719306946,0.0032915507908910513,0.003575865877792239,0.010282483883202076,0.004254206083714962,0.004079354926943779,0.08781129866838455,0.004065001383423805,0.004184036515653133,0.00796106643974781,0.004729053005576134,0.0024902515579015017,0.14572595059871674,0.006072058342397213,0.004323044326156378,0.005738573614507914,0.0064316377975046635,0.007492713630199432,0.0074690706096589565,0.019144199788570404,0.010003340430557728,0.00772221339866519,0.012235538102686405,0.016054963693022728,0.017782889306545258,0.018310388550162315,0.010437947697937489,0.0050627863965928555,0.006208082661032677,0.005722304806113243,0.007372493389993906,0.007935555651783943,0.014755366370081902,0.005273786373436451,0.004486582241952419,0.007286839187145233,0.00464619928970933,0.006370254792273045,0.008249232545495033,0.008600379340350628,0.007735676132142544,0.005469579715281725,0.005388408899307251,0.006198633927851915,0.005486396607011557,0.004506370052695274,0.004554337821900845,0.0046814014203846455,0.004598965868353844,0.004667363129556179,0.004966726526618004,0.0051437425427138805,0.005310745909810066,0.006484947167336941,0.005835834890604019,0.007528893183916807,0.007045323960483074,0.009918308816850185,0.007435149513185024,0.010916383005678654,0.007316993549466133,0.010343257337808609,0.006175169721245766,0.009631925262510777,0.004386589862406254,0.004129344597458839,0.0034852311946451664
MR-0290,1,0,0.24143244326114655,0.0011840617517009377,0.16890490055084229,0.0025198752991855145,0.002364536514505744,0.0048947702161967754,0.004170606844127178,0.003305325284600258,0.042881447821855545,0.0024583081249147654,0.0027183329220861197,0.006301821209490299,0.0023581311106681824,0.0021745364647358656,0.5001201033592224,0.0038050159346312284,0.0029376030433923006,0.003720285836607218,0.005805479362607002,0.005689283367246389,0.0036502345465123653,0.011717110872268677,0.014459908939898014,0.011786531656980515,0.00920925848186016,0.007047514896839857,0.005027302540838718,0.004161205608397722,0.0032519125379621983,0.0026753353886306286,0.002670311601832509,0.002523002214729786,0.0023571057245135307,0.002328274305909872,0.002515143947675824,0.0026625937316566706,0.002736958209425211,0.002654419746249914,0.002912222407758236,0.0030700848437845707,0.003192491363734007,0.003407954005524516,0.0033152017276734114,0.0032359398901462555,0.0031210544984787703,0.0033069350756704807,0.0032454882748425007,0.0031190149020403624,0.0028786412440240383,0.0028697329107671976,0.002954358933493495,0.002917657373473048,0.003223567269742489,0.0034461761824786663,0.00402107322588563,0.004807974677532911,0.004773681052029133,0.0063797482289373875,0.004553002305328846,0.007799474522471428,0.004602313507348299,0.009569059126079082,0.0040233805775642395,0.012462647631764412,0.003235490992665291,0.01160706952214241,0.0022497614845633507,0.005752394907176495,0.0021977953147143126
MR-0285-t1,1,1,0.7742958068847656,0.001603040611371398,0.27987754344940186,0.005202081985771656,0.004266435746103525,0.008735014125704765,0.006177471484988928,0.006196992471814156,0.03861912339925766,0.005703285336494446,0.005017498508095741,0.008830888196825981,0.006195151712745428,0.003530411282554269,0.05303576588630676,0.006901118904352188,0.004804498981684446,0.006829222664237022,0.007635996211320162,0.017733918502926826,0.010435041971504688,0.023617684841156006,0.008515650406479836,0.014139605686068535,0.01910516805946827,0.0206917654722929,0.02040974050760269,0.01900964230298996,0.011674509383738041,0.0038549916353076696,0.006454532500356436,0.00752029474824667,0.008173197507858276,0.012455983087420464,0.030639158561825752,0.011578545905649662,0.011686054058372974,0.020098017528653145,0.008540412411093712,0.0095435231924057,0.010888085700571537,0.011162852868437767,0.00876687839627266,0.006819835864007473,0.007558876182883978,0.008146384730935097,0.008493672125041485,0.007764577865600586,0.006003973074257374,0.006474355701357126,0.006466933060437441,0.005354650784283876,0.0077126710675656796,0.006012735888361931,0.009984644129872322,0.008081055246293545,0.011362900026142597,0.010203726589679718,0.011860868893563747,0.009452887810766697,0.011958518996834755,0.01023508608341217,0.008543475531041622,0.011612553149461746,0.007871873676776886,0.0115646468475461,0.004894840996712446,0.0051036411896348,0.004603854846209288
MR-0311,0,0,0.480915904045105,0.012851945124566555,0.018917258828878403,0.014453081414103508,0.016080345958471298,0.015517539344727993,0.021850833669304848,0.016594676300883293,0.018184324726462364,0.01768375188112259,0.01737930253148079,0.015033924952149391,0.02189631015062332,0.015192423015832901,0.01498181652277708,0.017733553424477577,0.018422847613692284,0.017493022605776787,0.017090298235416412,0.01693069189786911,0.014983003959059715,0.014740833081305027,0.015983767807483673,0.015736959874629974,0.014933129772543907,0.014446252956986427,0.011656945571303368,0.011893167160451412,0.010653204284608364,0.009004589170217514,0.008252483792603016,0.009501472115516663,0.009791407734155655,0.008889228105545044,0.007356160320341587,0.006812156178057194,0.00781995803117752,0.009869279339909554,0.009160569868981838,0.010497653856873512,0.011309710331261158,0.012900440953671932,0.009299423545598984,0.010340954177081585,0.01248005498200655,0.014811503700911999,0.01654270850121975,0.01595037803053856,0.017282525077462196,0.01714402250945568,0.017253872007131577,0.016992004588246346,0.017307816073298454,0.017962375655770302,0.017258020117878914,0.01751965470612049,0.01724112592637539,0.016268789768218994,0.01763979159295559,0.015128531493246555,0.017321884632110596,0.014292657375335693,0.01764702796936035,0.013191960752010345,0.01703098602592945,0.012668178416788578,0.018892012536525726,0.01575569435954094,0.01829574629664421
MR-0309,0,0,0.47075337171554565,0.015384522266685963,0.017774073407053947,0.016728613525629044,0.0167106781154871,0.014032886363565922,0.032002948224544525,0.014491691254079342,0.018426652997732162,0.01800415851175785,0.017456714063882828,0.016432886943221092,0.017995087429881096,0.016750194132328033,0.016581321135163307,0.017205506563186646,0.01747783087193966,0.013220068998634815,0.02146054431796074,0.0103612607344985,0.013345233164727688,0.014151356182992458,0.018196461722254753,0.014147019013762474,0.020209016278386116,0.013056369498372078,0.008142173290252686,0.009460830129683018,0.00797977950423956,0.00854719989001751,0.007278908044099808,0.008103137835860252,0.008556877262890339,0.007833280600607395,0.0072788032703101635,0.007948242127895355,0.008030127733945847,0.010208702646195889,0.011044912971556187,0.011176095344126225,0.011370914988219738,0.012649218551814556,0.01069524697959423,0.012383656576275826,0.014901282265782356,0.014238012954592705,0.016865679994225502,0.016758425161242485,0.016591781750321388,0.01672988384962082,0.017190871760249138,0.01642783172428608,0.018034376204013824,0.015703726559877396,0.018134888261556625,0.016693858429789543,0.018323207274079323,0.015673398971557617,0.016578972339630127,0.015560155734419823,0.016087455675005913,0.014708430506289005,0.015559382736682892,0.015438498929142952,0.01605924218893051,0.015582501888275146,0.016972443088889122,0.016757279634475708,0.018137170001864433
MR-0296-t1,0,0,0.4801563620567322,0.012436667457222939,0.015076590701937675,0.01468116044998169,0.015471181832253933,0.015746550634503365,0.0148919727653265,0.012660522945225239,0.016047410666942596,0.014063067734241486,0.015483026392757893,0.014297112822532654,0.019959582015872,0.014487632550299168,0.014322401024401188,0.01630653254687786,0.016501080244779587,0.014039804227650166,0.013413853943347931,0.01631684973835945,0.009920964017510414,0.011914851143956184,0.012079284526407719,0.013219472020864487,0.013699858449399471,0.013879053294658661,0.013103998266160488,0.012695332057774067,0.014479823410511017,0.014349482022225857,0.014781770296394825,0.013549959287047386,0.011880493722856045,0.01685691624879837,0.014549296349287033,0.015529554337263107,0.015975574031472206,0.015663474798202515,0.016021493822336197,0.01567463018000126,0.015949225053191185,0.015479525551199913,0.015165427699685097,0.016080310568213463,0.015462805517017841,0.015397469513118267,0.015547296032309532,0.015851417556405067,0.01542456541210413,0.015427622012794018,0.015446018427610397,0.016259009018540382,0.016149843111634254,0.016633030027151108,0.016288436949253082,0.015055418945848942,0.017896583303809166,0.013709123246371746,0.01684795878827572,0.012345236726105213,0.016097940504550934,0.009837951511144638,0.01602748967707157,0.009813652373850346,0.015880856662988663,0.00974610261619091,0.012878292240202427,0.013866282999515533,0.017406849190592766
MR-0288-t2,0,0,0.48905473947525024,0.010289318859577179,0.017666978761553764,0.011582591570913792,0.019578073173761368,0.01132258865982294,0.014322527684271336,0.014743848703801632,0.017578521743416786,0.015393906272947788,0.015601941384375095,0.013600487262010574,0.012688449583947659,0.020931797102093697,0.017888179048895836,0.009321723133325577,0.01637951284646988,0.01603463664650917,0.013856119476258755,0.016463374719023705,0.012118385173380375,0.013448167592287064,0.012927647680044174,0.014490208588540554,0.013689042069017887,0.014762782491743565,0.014181584119796753,0.013569224625825882,0.014592514373362064,0.015525112859904766,0.013998507522046566,0.014100350439548492,0.010764663107693195,0.01601625792682171,0.014503704383969307,0.007697300985455513,0.012858765199780464,0.015396283939480782,0.014371727593243122,0.015840206295251846,0.016351768746972084,0.015083751641213894,0.01570502296090126,0.01590011827647686,0.016622163355350494,0.016031373292207718,0.016025017946958542,0.01676308549940586,0.015437815338373184,0.01601082645356655,0.016187092289328575,0.016087651252746582,0.016276638954877853,0.015177091583609581,0.015226587653160095,0.011184778064489365,0.02303280308842659,0.009265444241464138,0.016567107290029526,0.013650784268975258,0.017105605453252792,0.011741512455046177,0.0155792823061347,0.010934792459011078,0.01496544387191534,0.010851639322936535,0.0149982376024127,0.013716047629714012,0.017423471435904503
MR-0284,0,0,0.48378995060920715,0.011424870230257511,0.015576197765767574,0.01030912809073925,0.01410011388361454,0.014763024635612965,0.020600298419594765,0.016961287707090378,0.019634343683719635,0.014692968688905239,0.0161918755620718,0.015105522237718105,0.02161540649831295,0.01414571888744831,0.01508087757974863,0.016053209081292152,0.014975329861044884,0.01508256420493126,0.014920157380402088,0.012139184400439262,0.013995685614645481,0.013073494657874107,0.014191685244441032,0.014129694551229477,0.018513374030590057,0.013767523691058159,0.014353315345942974,0.01064955722540617,0.010322297923266888,0.010784530080854893,0.01036924310028553,0.0113870520144701,0.011826988309621811,0.011869804933667183,0.011980623938143253,0.012846862897276878,0.0130677605047822,0.014466015622019768,0.013250461779534817,0.01649109087884426,0.015156025998294353,0.01514892466366291,0.015514321625232697,0.01579914055764675,0.01548380870372057,0.01657341979444027,0.015766525641083717,0.015732578933238983,0.015673130750656128,0.015966730192303658,0.015309397131204605,0.015687910839915276,0.016882192343473434,0.016307763755321503,0.015535828657448292,0.016500048339366913,0.01484326459467411,0.014749189838767052,0.015460207127034664,0.014054600149393082,0.01623196341097355,0.012423625215888023,0.016672300174832344,0.010962960310280323,0.01729673519730568,0.010306877084076405,0.018428394570946693,0.012326125986874104,0.018496939912438393
MR-0307-t2,1,0,0.4861530363559723,0.009843334555625916,0.014048369601368904,0.01291319914162159,0.014168872497975826,0.016094176098704338,0.01496012695133686,0.014951514080166817,0.01770542375743389,0.015817131847143173,0.01611783728003502,0.014931037090718746,0.020496895536780357,0.01292775385081768,0.014417193830013275,0.01764172874391079,0.01748901978135109,0.014813847839832306,0.013321266509592533,0.015300297178328037,0.013499884866178036,0.01223506685346365,0.012636450119316578,0.012814067304134369,0.0099951745942235,0.011430011130869389,0.013525192625820637,0.011969488114118576,0.013843363150954247,0.0121059101074934,0.012165497057139874,0.01177193783223629,0.013672476634383202,0.01393142994493246,0.01533904392272234,0.014481255784630775,0.01474203821271658,0.016217604279518127,0.01658431626856327,0.01626284420490265,0.015961701050400734,0.01620284467935562,0.015488727949559689,0.01598212867975235,0.016151009127497673,0.01581476628780365,0.015805501490831375,0.016461318358778954,0.015728283673524857,0.015813525766134262,0.01578017883002758,0.01618047058582306,0.016078347340226173,0.01647426374256611,0.016133246943354607,0.015531905926764011,0.016470840200781822,0.014239778742194176,0.01608942449092865,0.012873879633843899,0.015627963468432426,0.011862775310873985,0.015545271337032318,0.010639088228344917,0.015180500224232674,0.009676298126578331,0.01740116812288761,0.01428867969661951,0.01733402907848358
MR-0447,1,0,0.47721830010414124,0.01132280845195055,0.014422613196074963,0.015560027211904526,0.015295116230845451,0.014381506480276585,0.01735752634704113,0.014828457497060299,0.01441737450659275,0.013896433636546135,0.015576821751892567,0.015726236626505852,0.020665129646658897,0.016247233375906944,0.013891847804188728,0.01646796427667141,0.018065866082906723,0.01541974674910307,0.015470324084162712,0.01647222228348255,0.01119697093963623,0.013758618384599686,0.011358099989593029,0.013307842426002026,0.012391306459903717,0.01094961166381836,0.012014792300760746,0.009381252340972424,0.010759823955595493,0.0099026495590806,0.010652286000549793,0.011555376462638378,0.010485616512596607,0.010941947810351849,0.009827349334955215,0.008886557072401047,0.012576454319059849,0.013172288425266743,0.01344999112188816,0.016087552532553673,0.01406592782586813,0.015202735550701618,0.013932641595602036,0.013983055017888546,0.016668451949954033,0.01671014167368412,0.016139904037117958,0.01694496162235737,0.017473747953772545,0.01665595918893814,0.016512135043740273,0.017580442130565643,0.016950715333223343,0.016556302085518837,0.01691645011305809,0.017885809764266014,0.016752196475863457,0.016641493886709213,0.017342139035463333,0.016056479886174202,0.017448920756578445,0.015491347759962082,0.017249761149287224,0.015285449102520943,0.01572541706264019,0.013826555572450161,0.016238510608673096,0.01580210216343403,0.01781858690083027
MR-0287,1,0,0.48570504784584045,0.012503709644079208,0.018093381077051163,0.011435961350798607,0.014093480072915554,0.01557487528771162,0.014491377398371696,0.01480952464044094,0.018623651936650276,0.015171652659773827,0.014876185916364193,0.01340408530086279,0.018572568893432617,0.014462342485785484,0.011860535480082035,0.014877595007419586,0.016917571425437927,0.015357482247054577,0.012988303788006306,0.01593848131597042,0.015918351709842682,0.01235447358340025,0.013371133245527744,0.015513713471591473,0.013604743406176567,0.01489168033003807,0.01428158488124609,0.015249162912368774,0.014264101162552834,0.014488672837615013,0.014028329402208328,0.013917398639023304,0.012902074493467808,0.012331739999353886,0.014243525452911854,0.013397227972745895,0.01379898190498352,0.014632795006036758,0.015023317188024521,0.015818223357200623,0.01523161493241787,0.015290302224457264,0.015467863529920578,0.0158508513122797,0.015538299456238747,0.015521361492574215,0.015960223972797394,0.015789609402418137,0.015385808423161507,0.015898019075393677,0.015528889372944832,0.01614810898900032,0.01598958857357502,0.016302036121487617,0.01620347425341606,0.015507427044212818,0.0169930811971426,0.015073916874825954,0.01659686118364334,0.012718817219138145,0.015868140384554863,0.010042102076113224,0.01557603944092989,0.009271710179746151,0.014633112587034702,0.00871947780251503,0.01428848784416914,0.012896191328763962,0.017624611034989357
MR-0280-t2,1,0,0.4918515086174011,0.011479705572128296,0.017010299488902092,0.012427007779479027,0.015046275220811367,0.015969907864928246,0.013310081325471401,0.01594451814889908,0.016541481018066406,0.014326638542115688,0.015069941058754921,0.012312632985413074,0.017405781894922256,0.015667786821722984,0.012444302439689636,0.015419339761137962,0.014460662379860878,0.015568786300718784,0.012660148553550243,0.015915991738438606,0.015069225803017616,0.013527896255254745,0.013181728310883045,0.01426643505692482,0.012880511581897736,0.014542747288942337,0.01245352253317833,0.016093602403998375,0.014004819095134735,0.013935416005551815,0.013897804543375969,0.013069020584225655,0.016022343188524246,0.014389452524483204,0.014415397308766842,0.015125719830393791,0.014114762656390667,0.015300696715712547,0.014990169554948807,0.014436764642596245,0.01739019900560379,0.014557908289134502,0.015377596952021122,0.014808859676122665,0.015309917740523815,0.015270419418811798,0.01387983001768589,0.016438107937574387,0.014561877585947514,0.013814309611916542,0.015607132576406002,0.01512114517390728,0.01666756346821785,0.015564211644232273,0.015146898105740547,0.01686408556997776,0.015430964529514313,0.013330497778952122,0.016435779631137848,0.012418676167726517,0.01712830178439617,0.010841019451618195,0.0182954128831625,0.009049839340150356,0.01770736835896969,0.011212942190468311,0.016092197969555855,0.013310755603015423,0.017666909843683243
MR-0299-t1,0,1,0.8604945540428162,0.0035245551262050867,0.0484563410282135,0.002636836376041174,0.002429050160571933,0.0035284701734781265,0.0020024364348500967,0.009170611388981342,0.0027840740513056517,0.004658999852836132,0.002128620631992817,0.014832830056548119,0.030142756178975105,0.0026667125057429075,0.00798329059034586,0.00353920622728765,0.008353453129529953,0.0027061805594712496,0.01177893951535225,0.02136377990245819,0.008492679335176945,0.0020876156631857157,0.0040342179127037525,0.004081581253558397,0.004519198555499315,0.0030262419022619724,0.002971684094518423,0.0038292997051030397,0.004490874242037535,0.0046450477093458176,0.004021516069769859,0.0022698368411511183,0.002857102546840906,0.003496176330372691,0.0028330751229077578,0.0024407771416008472,0.00214233691804111,0.003304425859823823,0.0038862579967826605,0.0036332663148641586,0.004188094288110733,0.002241874812170863,0.002264068927615881,0.0021192727144807577,0.0017778015462681651,0.0019111990695819259,0.002350783906877041,0.0035685019101947546,0.0029565144795924425,0.0027927060145884752,0.0027882950380444527,0.00692899152636528,0.0021213958971202374,0.03655775263905525,0.003021514741703868,0.08454745262861252,0.0037599799688905478,0.12386523187160492,0.003771379357203841,0.15498043596744537,0.0032140000257641077,0.13389869034290314,0.0036578571889549494,0.09568069130182266,0.003097816603258252,0.04670592024922371,0.002146268030628562,0.003659922629594803,0.0016752408118918538
MR-0300-t1,0,1,0.8561474680900574,0.0020436353515833616,0.06889348477125168,0.002440424170345068,0.002130183158442378,0.002772281412035227,0.004416933748871088,0.002473211847245693,0.003222357016056776,0.0028707438614219427,0.0027025400195270777,0.043037064373493195,0.172496497631073,0.0021714060567319393,0.005724683403968811,0.0024613020941615105,0.004617528524249792,0.0024806964211165905,0.007104925345629454,0.0031790679786354303,0.003901173360645771,0.0025391634553670883,0.004293611738830805,0.004614910110831261,0.002325367880985141,0.0033794231712818146,0.004904137924313545,0.00271017593331635,0.002137946430593729,0.0012561227194964886,0.0023245110642164946,0.0013104005483910441,0.001885424368083477,0.00322052463889122,0.004564323462545872,0.003836406162008643,0.0026366461534053087,0.002645519794896245,0.0029756915755569935,0.0022139439824968576,0.0028660017997026443,0.0019335792167112231,0.001749370712786913,0.0020018471404910088,0.0020601244177669287,0.0019106032559648156,0.0017763948999345303,0.002106488449499011,0.0020179415587335825,0.0019264045404270291,0.0018696015467867255,0.0019061205675825477,0.001997630577534437,0.003885559970512986,0.002130071399733424,0.01534560788422823,0.002827886026352644,0.05087634548544884,0.003047153353691101,0.11694157868623734,0.0035949989687651396,0.14955942332744598,0.0038583874702453613,0.16542984545230865,0.004150901921093464,0.046148981899023056,0.003997430671006441,0.0032771576661616564,0.001892169238999486
MR-0270,0,0,0.3323524594306946,0.0037291906774044037,0.021521158516407013,0.003180715022608638,0.002174575813114643,0.0022905210498720407,0.002324736211448908,0.0042346869595348835,0.004506983794271946,0.003131616162136197,0.002346716122701764,0.009711699560284615,0.008526122197508812,0.003787033958360553,0.005020237993448973,0.002639557234942913,0.0039047813042998314,0.0029540967661887407,0.22620537877082825,0.35721710324287415,0.009425700642168522,0.0074796066619455814,0.026878444477915764,0.007700774818658829,0.0062157027423381805,0.0037786748725920916,0.002436412964016199,0.002945216139778495,0.002629105933010578,0.002684209728613496,0.0035330981481820345,0.004025853704661131,0.003607654245570302,0.003266290295869112,0.0027415829245001078,0.0026111712213605642,0.002436545444652438,0.00208814418874681,0.002072014845907688,0.0020662881433963776,0.002059954684227705,0.0021414451766759157,0.0023824055679142475,0.002211351878941059,0.002166185760870576,0.002233940875157714,0.002224839059635997,0.002121539553627372,0.0023560861591249704,0.002305414527654648,0.002036419464275241,0.0026318919844925404,0.002595748985186219,0.009358656592667103,0.003570220898836851,0.01920478418469429,0.005081336013972759,0.025699656456708908,0.004712509457021952,0.0328533835709095,0.004452159162610769,0.041020531207323074,0.004451494663953781,0.03108295612037182,0.0031610243022441864,0.008289552293717861,0.0029463735409080982,0.002346854889765382,0.0022719267290085554
MR-0283-t2,0,1,0.8546545505523682,0.005376902408897877,0.04237164929509163,0.005003651604056358,0.0043631428852677345,0.004446315113455057,0.0035699394065886736,0.008681654930114746,0.006930271629244089,0.005171427968889475,0.003982932306826115,0.033843714743852615,0.04015563428401947,0.004177857656031847,0.008196316659450531,0.0057744840160012245,0.008114994503557682,0.003870587795972824,0.01962624490261078,0.022082701325416565,0.005488212686032057,0.006785922218114138,0.013600213453173637,0.0053673069924116135,0.005261927843093872,0.00508410157635808,0.006417463067919016,0.004895167425274849,0.004053463228046894,0.0031464919447898865,0.00963643379509449,0.004435817711055279,0.006058836355805397,0.004354550968855619,0.008059308864176273,0.004844337701797485,0.003752992022782564,0.004526290576905012,0.0064818584360182285,0.004614476580172777,0.005759515333920717,0.0029133115895092487,0.004347681067883968,0.004288299009203911,0.004440831486135721,0.004675458185374737,0.00566474674269557,0.004318391904234886,0.004892508499324322,0.004811167251318693,0.004091048613190651,0.007503844331949949,0.004303980153053999,0.014168201014399529,0.004493243992328644,0.054019540548324585,0.005662253126502037,0.11184430867433548,0.0057442099787294865,0.15930446982383728,0.016493994742631912,0.11453462392091751,0.005764606408774853,0.05572253093123436,0.0043848128989338875,0.015133600682020187,0.004440679214894772,0.008946488611400127,0.00472605274990201
MR-0310,1,0,0.08119235932826996,0.003421028610318899,0.015634221956133842,0.0016380433226004243,0.0018112615216523409,0.005673596635460854,0.012082109227776527,0.0011515511432662606,0.0023541408590972424,0.0017722505144774914,0.0016662969719618559,0.00337827461771667,0.0030198923777788877,0.0025342945009469986,0.0031708786264061928,0.001559681724756956,0.00178956997115165,0.008674201555550098,0.002990927081555128,0.012092151679098606,0.01355667319148779,0.10813309997320175,0.0817299410700798,0.12635058164596558,0.0025086167734116316,0.0006955637945793569,0.000943325343541801,0.0010064004454761744,0.0014899804955348372,0.0021248802077025175,0.001575971837155521,0.002228246768936515,0.0026707486249506474,0.004280070308595896,0.00675958814099431,0.006209877785295248,0.006843254901468754,0.00875849463045597,0.021750489249825478,0.2975863516330719,0.10273963212966919,0.014152472838759422,0.010169446468353271,0.003340756054967642,0.0027014638762921095,0.003275982104241848,0.003034912748262286,0.0017271348042413592,0.0014773727161809802,0.0014607631601393223,0.0016145830741152167,0.0017950303154066205,0.002018855419009924,0.002983837155625224,0.0021210932172834873,0.005154647398740053,0.001930906088091433,0.00663004769012332,0.0019808923825621605,0.008028080686926842,0.002117566065862775,0.009315707720816135,0.002124788938090205,0.013052199967205524,0.00230767740868032,0.004282521549612284,0.0014821665827184916,0.0017735033761709929,0.001589470892213285
MR-0305,1,1,0.8139603734016418,0.0026151889469474554,0.018771108239889145,0.0013878365280106664,0.0010642652632668614,0.0034791987854987383,0.01438475213944912,0.0010288876947015524,0.001974665792658925,0.0012974557466804981,0.0014292356790974736,0.00513889966532588,0.0042233699932694435,0.0020988467149436474,0.00313211209140718,0.0012175695737823844,0.0024089389480650425,0.0018710170406848192,0.0033925527241081,0.0016926330281421542,0.002234518527984619,0.0022830343805253506,0.012416662648320198,0.004808864556252956,0.002370745874941349,0.0015545003116130829,0.0013667013263329864,0.0009112349362112582,0.0018256916664540768,0.0029329226817935705,0.0017934564966708422,0.001954246312379837,0.0015930489171296358,0.003504574066027999,0.0036882765125483274,0.002385941334068775,0.0028913579881191254,0.0029967220034450293,0.005928993225097656,0.014566514641046524,0.008793034590780735,0.002810775302350521,0.0017701751785352826,0.0012039950815960765,0.0014295518631115556,0.0019015182042494416,0.0016852375119924545,0.0010332742240279913,0.0010172209003940225,0.0010795913403853774,0.0010521389776840806,0.0011102062417194247,0.0010553206084296107,0.001760331797413528,0.0012344639981165528,0.004245368298143148,0.0013041117927059531,0.022564275190234184,0.0015158121241256595,0.05658503621816635,0.001750756986439228,0.11047788709402084,0.013424929231405258,0.5981451272964478,0.0017203837633132935,0.00924592837691307,0.0012115181889384985,0.0011894314084202051,0.0010660113766789436
MR-0304-t2,1,1,0.6201924681663513,0.004427492152899504,0.059373121708631516,0.003687604097649455,0.0035287372302263975,0.010454285889863968,0.012275824323296547,0.0032594429794698954,0.006451375316828489,0.0036352055612951517,0.0040223244577646255,0.03726428374648094,0.05643250793218613,0.005744845140725374,0.012893861159682274,0.0037394636310636997,0.0043411217629909515,0.005889923311769962,0.009692095220088959,0.006427662912756205,0.00793773215264082,0.01670222543179989,0.09785200655460358,0.07497745007276535,0.004162671510130167,0.0017751703271642327,0.0021068197675049305,0.0015653845621272922,0.002267325995489955,0.0067307003773748875,0.0022821531165391207,0.004401212092489004,0.005848890636116266,0.007876289077103138,0.011878514662384987,0.009432974271476269,0.010116169229149818,0.009165702387690544,0.01745002157986164,0.04945775493979454,0.02953610196709633,0.013894185423851013,0.009315638802945614,0.004403881728649139,0.005089901853352785,0.0075619458220899105,0.005587649531662464,0.00399816082790494,0.0029947920702397823,0.0030834919307380915,0.003838588250800967,0.00782509334385395,0.005181914661079645,0.006665210705250502,0.004186306148767471,0.02084294520318508,0.004214696120470762,0.03154437988996506,0.005392082035541534,0.04507725313305855,0.006180288270115852,0.06185968592762947,0.006054989527910948,0.07569675147533417,0.005283245351165533,0.016781937330961227,0.0036793053150177,0.00346582499332726,0.003235466545447707
MR-0302-t2,1,1,0.9304419755935669,0.0034649299923330545,0.03802289441227913,0.0010108472779393196,0.001428975723683834,0.001602275064215064,0.006639342755079269,0.0020646932534873486,0.0018127572257071733,0.0015950622037053108,0.001012795022688806,0.004111636895686388,0.013215678744018078,0.0018992633558809757,0.004144467879086733,0.0013661198318004608,0.0020903225522488356,0.0013241581618785858,0.01102603878825903,0.004648760426789522,0.00213990337215364,0.0013131933519616723,0.0032006942201405764,0.0024102642200887203,0.0031783629674464464,0.001978714484721422,0.0014507024316117167,0.0012895199470221996,0.0016243300633504987,0.0014158777194097638,0.0014188190689310431,0.0012555231805890799,0.002468750812113285,0.003121510846540332,0.002637723693624139,0.00221557030454278,0.0018125299829989672,0.001192293711937964,0.001042816205881536,0.0012046804185956717,0.0013603040715679526,0.0010971680749207735,0.0010180406970903277,0.0009564839419908822,0.001188380178064108,0.0010557763744145632,0.001139881438575685,0.001084112678654492,0.0011709511745721102,0.0010047577088698745,0.0010108371498063207,0.0013407543301582336,0.0011699855094775558,0.0042631844989955425,0.0014377549523487687,0.019153209403157234,0.0018985390197485685,0.06785321235656738,0.0023691668175160885,0.19956599175930023,0.0025526920799165964,0.2871209681034088,0.002513668965548277,0.22264648973941803,0.0024275712203234434,0.025362908840179443,0.0022929534316062927,0.002064949367195368,0.0010265588061884046
MR-0302-t1,1,1,0.8722712993621826,0.005553648807108402,0.061555009335279465,0.0023086611181497574,0.0025193572510033846,0.0036191814579069614,0.008942016400396824,0.0025926383677870035,0.003617413341999054,0.002654384123161435,0.0024668590631335974,0.016189413145184517,0.028520211577415466,0.0038327823858708143,0.007097387686371803,0.002343137050047517,0.0033823747653514147,0.0024473362136632204,0.013206778094172478,0.004936514887958765,0.0057661267928779125,0.004412808455526829,0.02654699981212616,0.01116425171494484,0.009465683251619339,0.0028199106454849243,0.0023984687868505716,0.0014790833229199052,0.002461843891069293,0.0031607337296009064,0.0038065367843955755,0.002684308448806405,0.0028026876971125603,0.005670389626175165,0.007738900370895863,0.004522260744124651,0.005269092041999102,0.005216535646468401,0.004983468912541866,0.006989007815718651,0.008544187061488628,0.004631838761270046,0.0025188911240547895,0.0022167533170431852,0.0027283907402306795,0.0036627147346735,0.0034865825437009335,0.0021892061922699213,0.0020913591142743826,0.002030734671279788,0.0019317974802106619,0.0023742769844830036,0.002096598269417882,0.004858788102865219,0.002534257946535945,0.018546199426054955,0.0031804258469492197,0.06130633130669594,0.00384430680423975,0.14695847034454346,0.0040075648576021194,0.1965283751487732,0.004468634724617004,0.16890934109687805,0.0042064860463142395,0.03423812985420227,0.003496964229270816,0.0031997868791222572,0.002068345667794347
MR-0474,0,0,0.26153749227523804,0.03708808496594429,0.0010264730080962181,0.030230894684791565,0.005148084834218025,0.0020033938344568014,0.0014157971600070596,0.005900472868233919,0.001116640050895512,0.02210085093975067,0.0028030716348439455,0.002266074065119028,0.0019207614241167903,0.0036655610892921686,0.0015958256553858519,0.003787056542932987,0.0022785409819334745,0.004592945799231529,0.0035258245188742876,0.01063685305416584,0.038279276341199875,0.012119387276470661,0.06191054731607437,0.0248084869235754,0.08024157583713531,0.020945148542523384,0.03493653982877731,0.032322634011507034,0.041428618133068085,0.03904901444911957,0.011592374183237553,0.007569339592009783,0.0029211321379989386,0.0021487250924110413,0.0020984658040106297,0.0023802584037184715,0.0024081708397716284,0.002111240290105343,0.0022227352019399405,0.0022478934843093157,0.0021343270782381296,0.0022405716590583324,0.001991882221773267,0.002065415494143963,0.001992231933400035,0.0021933007519692183,0.006440791301429272,0.0019257082603871822,0.004114807583391666,0.002112891059368849,0.0020626212935894728,0.003079425310716033,0.0032580560073256493,0.0035125266294926405,0.014473621733486652,0.005291568115353584,0.05024047568440437,0.004594402853399515,0.06985967606306076,0.004623502492904663,0.08240996301174164,0.004326296038925648,0.04980740696191788,0.0066088722087442875,0.05440416559576988,0.03278734162449837,0.0064959148876369,0.004110019188374281,0.003997488413006067
MR-0296-t2,0,1,0.9521633982658386,0.009228480979800224,0.0027187836822122335,0.011078542098402977,0.005441298708319664,0.003395798848941922,0.009504495188593864,0.004657011944800615,0.008860042318701744,0.005257546901702881,0.005182281602174044,0.0047734640538692474,0.0077888742089271545,0.005283445119857788,0.005557554308325052,0.004733499605208635,0.003935604356229305,0.00542087247595191,0.005314888898283243,0.07075365632772446,0.014401646330952644,0.043246157467365265,0.02773279882967472,0.020883359014987946,0.011720272712409496,0.010286794975399971,0.014634736813604832,0.026942849159240723,0.10360408574342728,0.11900079995393753,0.058447033166885376,0.03646465018391609,0.01872875541448593,0.011171269230544567,0.005302047356963158,0.005717366002500057,0.003507911926135421,0.004325122106820345,0.0035460470244288445,0.0036233202554285526,0.003770628245547414,0.004052515607327223,0.0040418729186058044,0.005042279604822397,0.005007151048630476,0.005837519187480211,0.004419103264808655,0.0043790508061647415,0.0037209063302725554,0.0035741778556257486,0.0040508718229830265,0.0032666251063346863,0.005677900277078152,0.002604429144412279,0.013090092688798904,0.0029986859299242496,0.021749943494796753,0.0027455389499664307,0.03034760057926178,0.002642872044816613,0.035457052290439606,0.002762750955298543,0.034660086035728455,0.0031230731401592493,0.043020378798246384,0.0051472969353199005,0.007949409075081348,0.007469238713383675,0.005217766389250755
MR-0303,0,1,0.9987674951553345,0.0029495484195649624,0.0006562282214872539,0.0019748243503272533,0.0016490002162754536,0.0011390179861336946,0.004659194499254227,0.0013755324762314558,0.0016389467054978013,0.0013533824821934104,0.0010190163739025593,0.0012159892357885838,0.0018886319594457746,0.0013566039269790053,0.00104875722900033,0.0012835061643272638,0.0011166842887178063,0.0011549495393410325,0.0029181810095906258,0.0016835745191201568,0.005333223845809698,0.00514095276594162,0.004251173231750727,0.0070274267345666885,0.011269493959844112,0.006292399484664202,0.05382135137915611,0.08929745852947235,0.3756321370601654,0.20546700060367584,0.03709029406309128,0.017124786972999573,0.0035150833427906036,0.0015672629233449697,0.0019297490362077951,0.0023484674748033285,0.004611054435372353,0.0028103883378207684,0.00429818220436573,0.003917944151908159,0.0048056975938379765,0.008649226278066635,0.030056605115532875,0.025964073836803436,0.006993777584284544,0.006550240330398083,0.0024868440814316273,0.0012290248414501548,0.001238592085428536,0.0009303945698775351,0.0008216185960918665,0.0009250036091543734,0.0009222684893757105,0.0008865394629538059,0.0017885641427710652,0.0010053926380351186,0.0038810388650745153,0.001053305808454752,0.004438901320099831,0.0011035398347303271,0.004023152869194746,0.0012494790134951472,0.003280127653852105,0.0014876349596306682,0.0034041281323879957,0.0016006873920559883,0.0019472293788567185,0.0013349248329177499,0.0011144867166876793
MR-0300-t2,0,1,0.5232455134391785,0.004291280172765255,0.0016705055022612214,0.008615159429609776,0.007399146445095539,0.006005680188536644,0.02589842863380909,0.0085117993876338,0.007243466097861528,0.006217839661985636,0.005348333157598972,0.007218462880700827,0.10811826586723328,0.010768746957182884,0.026282859966158867,0.006041922140866518,0.004844151437282562,0.008094142191112041,0.014341884292662144,0.007162459194660187,0.010645030997693539,0.008762761950492859,0.01528680045157671,0.011811061762273312,0.009568621404469013,0.019108856096863747,0.01999463513493538,0.027836836874485016,0.042802534997463226,0.026082411408424377,0.05102589353919029,0.013435998000204563,0.024300040677189827,0.014250521548092365,0.01928786188364029,0.017760207876563072,0.014280764386057854,0.010727806948125362,0.025013230741024017,0.007757559418678284,0.04186471551656723,0.020852405577898026,0.025584697723388672,0.011479032225906849,0.013349169865250587,0.006955856457352638,0.012710588052868843,0.006041979882866144,0.009389516897499561,0.005458002910017967,0.0088623883202672,0.005796570330858231,0.009841924533247948,0.0034429156221449375,0.01480664312839508,0.0033465533051639795,0.017950214445590973,0.004098998848348856,0.01915549486875534,0.004187009297311306,0.022363344207406044,0.004397642333060503,0.01756008341908455,0.004155931528657675,0.01570078916847706,0.0047213416546583176,0.006800542119890451,0.00937817431986332,0.00593350175768137
MR-0313,1,1,0.8917862772941589,0.009119845926761627,0.002492715371772647,0.01400963868945837,0.018440933898091316,0.007927251979708672,0.0077669150196015835,0.007609878666698933,0.008621765300631523,0.01128553319722414,0.007845169864594936,0.010056369937956333,0.02164824679493904,0.01241699606180191,0.009828757494688034,0.011619584634900093,0.009614516980946064,0.009696786291897297,0.009655824862420559,0.08473898470401764,0.024657713249325752,0.08938373625278473,0.022730546072125435,0.020506752654910088,0.00894366204738617,0.008640166372060776,0.009874851442873478,0.011893883347511292,0.02819579839706421,0.0376611202955246,0.03715965151786804,0.01777494326233864,0.014680348336696625,0.012255609035491943,0.01194734126329422,0.009288238361477852,0.00893351063132286,0.009849710389971733,0.008568640798330307,0.008097945712506771,0.007926341146230698,0.008353346958756447,0.00752746406942606,0.007659155409783125,0.007281101308763027,0.0074710240587592125,0.007483018562197685,0.007907737977802753,0.007349414750933647,0.007342308294028044,0.007065012119710445,0.00638299947604537,0.008697256445884705,0.005727694369852543,0.01247208472341299,0.00568400276824832,0.019112156704068184,0.005610126536339521,0.02407442219555378,0.005913413595408201,0.030170589685440063,0.005958977621048689,0.03151186183094978,0.007297809701412916,0.028097067028284073,0.011652500368654728,0.01038092840462923,0.013664459809660912,0.008785904385149479
MR-0312,1,1,0.9914702773094177,0.0023098266683518887,0.0025524571537971497,0.003502035979181528,0.003157262457534671,0.0019296995596960187,0.00287425983697176,0.001988306175917387,0.002615563804283738,0.002728984458371997,0.0018311587627977133,0.002328772097826004,0.014207299798727036,0.0028140011709183455,0.00579642690718174,0.0026901664678007364,0.0021394749637693167,0.0020193024538457394,0.0028212093748152256,0.011216869577765465,0.005123303737491369,0.01192048192024231,0.0042553008534014225,0.0055915433913469315,0.005985269322991371,0.007395594846457243,0.016196131706237793,0.08384935557842255,0.3054555356502533,0.17236356437206268,0.05501343309879303,0.03390580415725708,0.004462454002350569,0.00464131124317646,0.0032942285761237144,0.00570698780938983,0.007474441081285477,0.005991710349917412,0.005908534862101078,0.004783431999385357,0.008850986137986183,0.01661188155412674,0.04361652582883835,0.03354774788022041,0.01097697764635086,0.009636529721319675,0.003109465353190899,0.0020908412989228964,0.0017377776093780994,0.0016943068476393819,0.0016467638779431581,0.0016439411556348205,0.0019604170229285955,0.0014904745621606708,0.0024671584833413363,0.0014367502881214023,0.003083476098254323,0.001363579765893519,0.0035673528909683228,0.0014358859043568373,0.0040825060568749905,0.0015076561830937862,0.004224299918860197,0.0018890247447416186,0.004529095720499754,0.003050860483199358,0.0024142132606357336,0.003431926714256406,0.0020600694697350264
MR-0301-t2,1,1,0.7636086344718933,0.006768633611500263,0.0024929309729486704,0.014652478508651257,0.012460923753678799,0.009005099534988403,0.00901331938803196,0.006962399464100599,0.008423127233982086,0.009949017316102982,0.00901009514927864,0.01117395143955946,0.025525007396936417,0.011693076230585575,0.010082859545946121,0.009178051725029945,0.010789209976792336,0.01707959920167923,0.010886824689805508,0.08333439379930496,0.0205997284501791,0.045191437005996704,0.040544524788856506,0.035949114710092545,0.019671393558382988,0.01623190939426422,0.012510173954069614,0.019565753638744354,0.023312371224164963,0.02822207100689411,0.031197668984532356,0.029500260949134827,0.011837913654744625,0.015883568674325943,0.010900263674557209,0.016500310972332954,0.01824086345732212,0.015612502582371235,0.012189939618110657,0.0136561319231987,0.0099258441478014,0.015814611688256264,0.009718620218336582,0.010892036370933056,0.009415826760232449,0.01186200138181448,0.00944234523922205,0.011374770663678646,0.0100381039083004,0.012878082692623138,0.009480815380811691,0.007765494287014008,0.010714726522564888,0.004545906092971563,0.009961471892893314,0.003238534787669778,0.011142815463244915,0.003043463686481118,0.01410252507776022,0.002666889224201441,0.0189244132488966,0.003138959873467684,0.01817537285387516,0.004750280175358057,0.017471525818109512,0.007241628598421812,0.00868050567805767,0.009932169690728188,0.007861281745135784
MR-0292-t2,1,1,0.6866714954376221,0.0033284397795796394,0.001702283974736929,0.005462327506393194,0.00378617225214839,0.0019977467600256205,0.004465086851269007,0.0033003240823745728,0.00366966612637043,0.005917359609156847,0.002755423542112112,0.003769483882933855,0.005912896245718002,0.0037385697942227125,0.0034049851819872856,0.0031093216966837645,0.0027176307048648596,0.003429858712479472,0.0030907862819731236,0.1663157194852829,0.049974534660577774,0.1197410449385643,0.24685072898864746,0.021325886249542236,0.04000617936253548,0.02422087825834751,0.018431680276989937,0.02381216362118721,0.009512705728411674,0.01157113816589117,0.0049803429283201694,0.004418038297444582,0.002806910313665867,0.0023691384121775627,0.002485134871676564,0.002791348844766617,0.002260170178487897,0.0025845293421298265,0.0025788014754652977,0.002558599691838026,0.0023473110049962997,0.002714645816013217,0.0023519271053373814,0.0027232712600380182,0.002503485418856144,0.002490166574716568,0.0023665146436542273,0.0031205699779093266,0.002374774543568492,0.002911613555625081,0.0027229739353060722,0.0023797722533345222,0.0036017801612615585,0.0016532477457076311,0.0045844074338674545,0.0016551337903365493,0.008544149808585644,0.0019461450865492225,0.012263442389667034,0.0020648331847041845,0.017607949674129486,0.0022893042769283056,0.02365330420434475,0.0035490556620061398,0.025889748707413673,0.013663331978023052,0.0055059934966266155,0.010366306640207767,0.0030008796602487564
MR-0274,1,0,0.44770434498786926,0.005271183326840401,0.003166051348671317,0.032989054918289185,0.011507002636790276,0.008674755692481995,0.005663236603140831,0.010867343284189701,0.004370765760540962,0.012022512033581734,0.007358191069215536,0.011526781134307384,0.14969481527805328,0.016157986596226692,0.0702122375369072,0.017464838922023773,0.008567554876208305,0.010621171444654465,0.010929658077657223,0.009321631863713264,0.020819805562496185,0.022412553429603577,0.033734217286109924,0.020389311015605927,0.05163290724158287,0.016324028372764587,0.026641840115189552,0.022586017847061157,0.022125422954559326,0.0170377679169178,0.012244191020727158,0.00801012385636568,0.00874302163720131,0.007558438461273909,0.007071174215525389,0.00664136279374361,0.007080539595335722,0.006174675188958645,0.008672607131302357,0.005983942653983831,0.007986856624484062,0.006477502174675465,0.007140738889575005,0.006465869024395943,0.008388713002204895,0.007135607767850161,0.007952737621963024,0.0076675317250192165,0.006214003544300795,0.006972540635615587,0.007506128866225481,0.007397339213639498,0.00668287230655551,0.007536716293543577,0.007225052919238806,0.006864732597023249,0.009059512056410313,0.009120333008468151,0.012518883682787418,0.01077202521264553,0.01521309930831194,0.013060980476439,0.014574302360415459,0.00721173919737339,0.0185860525816679,0.009998053312301636,0.009846657514572144,0.00801927037537098,0.008133305236697197
